1.000000000000000000e+00 2.277994248242244021e-41
1.003075900000000020e+00 2.118707137301055948e-41
1.006161199999999978e+00 1.970565231320400820e-41
1.009255999999999931e+00 1.832796191146560885e-41
1.012360300000000102e+00 1.704680529601729265e-41
1.015474200000000105e+00 1.585548062361480758e-41
1.018597600000000103e+00 1.474774202978520880e-41
1.021730699999999992e+00 1.371777295150144019e-41
1.024873399999999934e+00 1.276015560249599894e-41
1.028025799999999990e+00 1.186984402969599849e-41
1.031187800000000099e+00 1.104214025440655898e-41
1.034359599999999935e+00 1.027266857408015877e-41
1.037541199999999941e+00 9.557356174206760441e-42
1.040732500000000060e+00 8.892412267419038610e-42
1.043933599999999906e+00 8.274305752986490529e-42
1.047144599999999981e+00 7.699752009743289912e-42
1.050365500000000063e+00 7.165693494289689120e-42
1.053596299999999930e+00 6.669285590015999885e-42
1.056837000000000026e+00 6.207879704906890813e-42
1.060087699999999966e+00 5.779013584972409024e-42
1.063348299999999913e+00 5.380395242710409354e-42
1.066619100000000042e+00 5.009892881840999315e-42
1.069899799999999956e+00 4.665523536313290579e-42
1.073190700000000053e+00 4.345442090841760291e-42
1.076491700000000051e+00 4.047934352314410219e-42
1.079802799999999952e+00 3.771404005306089343e-42
1.083124100000000034e+00 3.514368487292009345e-42
1.086455699999999913e+00 3.275448070436010424e-42
1.089797399999999916e+00 3.053360628814239886e-42
1.093149499999999996e+00 2.846914135856010157e-42
1.096511900000000095e+00 2.654999759888999898e-42
1.099884599999999990e+00 2.476588028780410240e-42
1.103267699999999962e+00 2.310707658241439956e-42
1.106661200000000012e+00 2.156452600682249618e-42
1.110065099999999916e+00 2.012996845121439926e-42
1.113479499999999955e+00 1.879573273210090034e-42
1.116904399999999908e+00 1.755469448445689997e-42
1.120339799999999997e+00 1.640023954209639759e-42
1.123785899999999893e+00 1.532622211277440204e-42
1.127242499999999925e+00 1.432694090303999789e-42
1.130709699999999929e+00 1.339709716238890148e-42
1.134187599999999962e+00 1.253177258116000005e-42
1.137676200000000026e+00 1.172639923225000224e-42
1.141175499999999898e+00 1.097673404140810187e-42
1.144685600000000081e+00 1.027883711715999954e-42
1.148206499999999908e+00 9.629050413675623091e-43
1.151738200000000045e+00 9.023975739062880135e-43
1.155280800000000108e+00 8.460456163024643785e-43
1.158834300000000095e+00 7.935560499188168950e-43
1.162398700000000007e+00 7.446566071206144972e-43
1.165974099999999902e+00 6.990943634330769147e-43
1.169560500000000003e+00 6.566344171812323832e-43
1.173157900000000087e+00 6.170585591955624605e-43
1.176766299999999932e+00 5.801641001598016481e-43
1.180385900000000099e+00 5.457627472323049810e-43
1.184016600000000086e+00 5.136795885045136176e-43
1.187658499999999950e+00 4.837521183348680203e-43
1.191311500000000079e+00 4.558293724128768721e-43
1.194975799999999921e+00 4.297711071024899965e-43
1.198651399999999922e+00 4.054469967078400308e-43
1.202338300000000082e+00 3.827370528136515767e-43
1.206036499999999956e+00 3.615322028492303784e-43
1.209746100000000046e+00 3.417274161991935728e-43
1.213467099999999910e+00 3.232247803885321201e-43
1.217199600000000048e+00 3.059333712827535844e-43
1.220943499999999959e+00 2.897687202228899768e-43
1.224698899999999924e+00 2.746523416256655943e-43
1.228465900000000000e+00 2.605113551137969202e-43
1.232244499999999965e+00 2.472780496243600128e-43
1.236034700000000042e+00 2.348895094090801358e-43
1.239836600000000066e+00 2.232872848784656271e-43
1.243650200000000039e+00 2.124170664303075704e-43
1.247475499999999959e+00 2.022284081254968563e-43
1.251312500000000050e+00 1.926744161353636257e-43
1.255161399999999983e+00 1.837115211542724086e-43
1.259022099999999922e+00 1.752992394037504048e-43
1.262894600000000089e+00 1.673999337924369193e-43
1.266779099999999936e+00 1.599786487123561148e-43
1.270675599999999905e+00 1.530028598736399940e-43
1.274583999999999939e+00 1.464423598412944045e-43
1.278504400000000096e+00 1.402690655110143998e-43
1.282436899999999991e+00 1.344568551752880935e-43
1.286381500000000067e+00 1.289814677720100067e-43
1.290338200000000102e+00 1.238203155748320950e-43
1.294307099999999933e+00 1.189524230670399930e-43
1.298288200000000003e+00 1.143582657976200912e-43
1.302281599999999928e+00 1.100198084146756037e-43
1.306287200000000093e+00 1.059206445884303920e-43
1.310305199999999948e+00 1.020450185804196073e-43
1.314335500000000101e+00 9.837822322818088490e-44
1.318378199999999945e+00 9.490657037481000057e-44
1.322433299999999923e+00 9.161732538693161194e-44
1.326500999999999930e+00 8.849865201307291081e-44
1.330581100000000072e+00 8.553953736624490026e-44
1.334673800000000021e+00 8.272973407517290155e-44
1.338778999999999941e+00 8.005970651909760533e-44
1.342896899999999949e+00 7.752057528952890784e-44
1.347027500000000044e+00 7.510408762656250091e-44
1.351170800000000005e+00 7.280254639108090993e-44
1.355326800000000054e+00 7.060879244592249718e-44
1.359495600000000026e+00 6.851616165504639233e-44
1.363677199999999923e+00 6.651844499689000928e-44
1.367871599999999965e+00 6.460985154670239716e-44
1.372079000000000049e+00 6.278500417080960121e-44
1.376299299999999892e+00 6.103887583662089011e-44
1.380532599999999999e+00 5.936677953594009590e-44
1.384778999999999982e+00 5.776436348715240423e-44
1.389038400000000006e+00 5.622754950978011163e-44
1.393310800000000071e+00 5.475254621446440219e-44
1.397596499999999908e+00 5.333581935134009775e-44
1.401895300000000066e+00 5.197406879436840167e-44
1.406207299999999938e+00 5.066429262129000967e-44
1.410532600000000025e+00 4.940361060479290593e-44
1.414871200000000107e+00 4.818932016683559126e-44
1.419223099999999960e+00 4.701889605132810905e-44
1.423588499999999923e+00 4.588998132708090710e-44
1.427967200000000103e+00 4.480037045456039730e-44
1.432359399999999949e+00 4.374799763044839708e-44
1.436765199999999965e+00 4.273094652462250398e-44
1.441184500000000090e+00 4.174741021454890312e-44
1.445617300000000105e+00 4.079570226189160397e-44
1.450063899999999961e+00 3.987425098574439672e-44
1.454524099999999986e+00 3.898157035500009629e-44
1.458998000000000017e+00 3.811628351856639796e-44
1.463485600000000053e+00 3.727708679256250219e-44
1.467987099999999989e+00 3.646276941815290130e-44
1.472502399999999989e+00 3.567219042488889981e-44
1.477031599999999889e+00 3.490427561745959886e-44
1.481574799999999970e+00 3.415801840445440185e-44
1.486131899999999950e+00 3.343248052716009794e-44
1.490702999999999889e+00 3.272676736726809954e-44
1.495288200000000067e+00 3.204004414712889587e-44
1.499887500000000040e+00 3.137152982401000075e-44
1.504500900000000030e+00 3.072048781621210307e-44
1.509128599999999931e+00 3.008623461074560122e-44
1.513770400000000071e+00 2.946810660407289663e-44
1.518426599999999960e+00 2.886547991443360053e-44
1.523096999999999923e+00 2.827776878400249566e-44
1.527781899999999915e+00 2.770441405974489591e-44
1.532481100000000040e+00 2.714489870526809633e-44
1.537194799999999972e+00 2.659872320832250167e-44
1.541922999999999933e+00 2.606541472753690251e-44
1.546665699999999921e+00 2.554453567449640247e-44
1.551423100000000055e+00 2.503566011209210222e-44
1.556194999999999995e+00 2.453839226202249962e-44
1.560981699999999917e+00 2.405235288100410329e-44
1.565782999999999925e+00 2.357717870390440267e-44
1.570599099999999915e+00 2.311252798680249804e-44
1.575430099999999944e+00 2.265807968652010189e-44
1.580275899999999956e+00 2.221352372568039927e-44
1.585136600000000007e+00 2.177856066687209788e-44
1.590012200000000098e+00 2.135291308684959801e-44
1.594902899999999901e+00 2.093631022782250045e-44
1.599808600000000025e+00 2.052849645173609633e-44
1.604729400000000084e+00 2.012923068135039872e-44
1.609665300000000077e+00 1.973827742928040236e-44
1.614616400000000063e+00 1.935541224911290261e-44
1.619582700000000042e+00 1.898042135330250196e-44
1.624564300000000072e+00 1.861309851382889811e-44
1.629561299999999990e+00 1.825324213279359748e-44
1.634573599999999960e+00 1.790066585595689937e-44
1.639601300000000039e+00 1.755518471616040343e-44
1.644644500000000065e+00 1.721662568337959728e-44
1.649703099999999978e+00 1.688481681172810210e-44
1.654777399999999954e+00 1.655959501912810394e-44
1.659867299999999934e+00 1.624080831872490323e-44
1.664972799999999920e+00 1.592830024231689989e-44
1.670093999999999967e+00 1.562192765104410003e-44
1.675230999999999915e+00 1.532154781445760090e-44
1.680383699999999925e+00 1.502702828764840034e-44
1.685552399999999951e+00 1.473823193725439812e-44
1.690736900000000098e+00 1.445503648680999808e-44
1.695937299999999981e+00 1.417731721773160080e-44
1.701153799999999938e+00 1.390495187894760221e-44
1.706386299999999911e+00 1.363782765283210338e-44
1.711634899999999959e+00 1.337583383752359846e-44
1.716899699999999918e+00 1.311885952300810358e-44
1.722180599999999950e+00 1.286679820624810124e-44
1.727477799999999952e+00 1.261954989403289981e-44
1.732791299999999923e+00 1.237700972904009910e-44
1.738121100000000085e+00 1.213908591335039846e-44
1.743467300000000053e+00 1.190568168518559775e-44
1.748830000000000107e+00 1.167670425743999820e-44
1.754209099999999966e+00 1.145206682534889942e-44
1.759604799999999969e+00 1.123167773575210015e-44
1.765017099999999894e+00 1.101545756570250173e-44
1.770445999999999964e+00 1.080331779978010014e-44
1.775891700000000073e+00 1.059518190241000039e-44
1.781354099999999940e+00 1.039097052193209988e-44
1.786833300000000069e+00 1.019060570916090043e-44
1.792329300000000014e+00 9.994012896403598897e-45
1.797842299999999893e+00 9.801118800359999157e-45
1.803372200000000092e+00 9.611851992242808463e-45
1.808919100000000002e+00 9.426142657128975606e-45
1.814483099999999904e+00 9.243922557902400343e-45
1.820064200000000021e+00 9.065124809480601747e-45
1.825662399999999908e+00 8.889684419125129744e-45
1.831277899999999903e+00 8.717537300269008139e-45
1.836910599999999949e+00 8.548621006315009050e-45
1.842560699999999940e+00 8.382874505525520449e-45
1.848228200000000099e+00 8.220238148849840944e-45
1.853913099999999980e+00 8.060653099699599391e-45
1.859615400000000029e+00 7.904062218372847702e-45
1.865335299999999918e+00 7.750409485688099940e-45
1.871072800000000091e+00 7.599639807383567796e-45
1.876827999999999941e+00 7.451699347047076529e-45
1.882600899999999911e+00 7.306535667932175930e-45
1.888391500000000001e+00 7.164096849616142751e-45
1.894199900000000047e+00 7.024332499086681770e-45
1.900026200000000109e+00 6.887192710548543129e-45
1.905870399999999965e+00 6.752629221430689270e-45
1.911732599999999893e+00 6.620594221957156226e-45
1.917612799999999895e+00 6.491041005598008918e-45
1.923511100000000029e+00 6.363923783382025415e-45
1.929427599999999909e+00 6.239197666142464219e-45
1.935362199999999921e+00 6.116818490648463043e-45
1.941315099999999960e+00 5.996743119926879923e-45
1.947286300000000026e+00 5.878929111930625578e-45
1.953275899999999954e+00 5.763335014223424706e-45
1.959283899999999967e+00 5.649919889070601711e-45
1.965310399999999902e+00 5.538643907708356607e-45
1.971355399999999980e+00 5.429467582776240933e-45
1.977419000000000038e+00 5.322352504347024134e-45
1.983501200000000075e+00 5.217261020972100484e-45
1.989602199999999987e+00 5.114155652555624241e-45
1.995721899999999938e+00 5.013000378477024626e-45
2.001860499999999821e+00 4.913759325596943872e-45
2.008017900000000022e+00 4.816397476072900724e-45
2.014194300000000215e+00 4.720880233830243381e-45
2.020389699999999955e+00 4.627174104522225067e-45
2.026604100000000130e+00 4.535245718358288779e-45
2.032837699999999970e+00 4.445062510375204631e-45
2.039090400000000081e+00 4.356592568151121507e-45
2.045362299999999856e+00 4.269804487875081486e-45
2.051653599999999855e+00 4.184667626646048700e-45
2.057964199999999799e+00 4.101151442694288877e-45
2.064294199999999968e+00 4.019226522916899972e-45
2.070643700000000198e+00 3.938863540453956448e-45
2.077012700000000045e+00 3.860033889147240676e-45
2.083401299999999789e+00 3.782709541957696045e-45
2.089809499999999876e+00 3.706862795448120328e-45
2.096237499999999976e+00 3.632466631922703714e-45
2.102685199999999810e+00 3.559494343604003677e-45
2.109152799999999939e+00 3.487919887600995566e-45
2.115640200000000082e+00 3.417717517717504110e-45
2.122147599999999912e+00 3.348862132377315397e-45
2.128674999999999873e+00 3.281329028488995492e-45
2.135222600000000082e+00 3.215093669625615637e-45
2.141790199999999977e+00 3.150132366081599441e-45
2.148378000000000121e+00 3.086421691358329553e-45
2.154986099999999904e+00 3.023938483141800792e-45
2.161614600000000053e+00 2.962660279605624172e-45
2.168263399999999841e+00 2.902564866958849551e-45
2.174932699999999830e+00 2.843630387141401441e-45
2.181622400000000184e+00 2.785835438868196161e-45
2.188332799999999967e+00 2.729158963270609062e-45
2.195063799999999787e+00 2.673580342968975841e-45
2.201815499999999926e+00 2.619079392471363947e-45
2.208588000000000218e+00 2.565636044843664000e-45
2.215381300000000220e+00 2.513230759129689056e-45
2.222195500000000212e+00 2.461844307384575970e-45
2.229030600000000195e+00 2.411457967133603650e-45
2.235886799999999841e+00 2.362053021315848713e-45
2.242764100000000038e+00 2.313611346800195714e-45
2.249662499999999898e+00 2.266115109912900116e-45
2.256582199999999983e+00 2.219546668564224681e-45
2.263523100000000010e+00 2.173888853250360863e-45
2.270485400000000098e+00 2.129124676868720903e-45
2.277469099999999802e+00 2.085237518688801272e-45
2.284474200000000010e+00 2.042211116088900177e-45
2.291500899999999952e+00 2.000029288125969195e-45
2.298549299999999906e+00 1.958676384108095933e-45
2.305619300000000038e+00 1.918136915971599955e-45
2.312711000000000183e+00 1.878395646373443999e-45
2.319824600000000014e+00 1.839437671259556060e-45
2.326960099999999976e+00 1.801248327325456114e-45
2.334117500000000067e+00 1.763813272941728931e-45
2.341296900000000125e+00 1.727118314483769327e-45
2.348498399999999986e+00 1.691149572240920638e-45
2.355722000000000094e+00 1.655893473114241107e-45
2.362967900000000121e+00 1.621336501867329063e-45
2.370235999999999787e+00 1.587465605232143813e-45
2.377526500000000098e+00 1.554267861033616016e-45
2.384839500000000001e+00 1.521730635721956038e-45
2.392174900000000104e+00 1.489841345962369025e-45
2.399532900000000080e+00 1.458587846080369127e-45
2.406913499999999928e+00 1.427958110918889126e-45
2.414316799999999930e+00 1.397940386899680952e-45
2.421742899999999921e+00 1.368523037550915897e-45
2.429191900000000182e+00 1.339694691385599931e-45
2.436663699999999988e+00 1.311444163093689233e-45
2.444158600000000181e+00 1.283760522796815904e-45
2.451676400000000200e+00 1.256633089858440740e-45
2.459217499999999834e+00 1.230051076103056175e-45
2.466781699999999855e+00 1.204004292525225133e-45
2.474369100000000099e+00 1.178482438057023970e-45
2.481979899999999795e+00 1.153475587676735930e-45
2.489614200000000110e+00 1.128973776042025190e-45
2.497271899999999878e+00 1.104967471584600912e-45
2.504953099999999822e+00 1.081447165412495953e-45
2.512658000000000058e+00 1.058403506536995980e-45
2.520386600000000143e+00 1.035827428538528813e-45
2.528138900000000078e+00 1.013709885893721020e-45
2.535915099999999978e+00 9.920421108899998701e-46
2.543715199999999843e+00 9.708154801997440800e-46
2.551539299999999955e+00 9.500214513667239012e-46
2.559387500000000149e+00 9.296517472164810405e-46
2.567259799999999981e+00 9.096981060848042172e-46
2.575156300000000176e+00 8.901525252597760715e-46
2.583077199999999962e+00 8.710071936345610951e-46
2.591022300000000111e+00 8.522541948524489605e-46
2.598991999999999969e+00 8.338860958513961913e-46
2.606986099999999862e+00 8.158953549099241360e-46
2.615004799999999907e+00 7.982746716000250616e-46
2.623048199999999941e+00 7.810168112356838263e-46
2.631116299999999963e+00 7.641147168906248566e-46
2.639209199999999811e+00 7.475615047480409207e-46
2.647327100000000044e+00 7.313502972931211746e-46
2.655469899999999939e+00 7.154744952060249209e-46
2.663637700000000219e+00 6.999275024364490734e-46
2.671830700000000114e+00 6.847028875815839235e-46
2.680048900000000067e+00 6.697943277482250321e-46
2.688292300000000079e+00 6.551956583040999283e-46
2.696561099999999822e+00 6.409007167442890049e-46
2.704855400000000021e+00 6.269035972698490295e-46
2.713175099999999951e+00 6.131983934426490895e-46
2.721520500000000009e+00 5.997793982752360043e-46
2.729891499999999915e+00 5.866409036902410506e-46
2.738288199999999950e+00 5.737773962298010564e-46
2.746710799999999786e+00 5.611834556547210554e-46
2.755159299999999867e+00 5.488537537063840061e-46
2.763633800000000029e+00 5.367829602049290696e-46
2.772134299999999829e+00 5.249660219067690019e-46
2.780660999999999827e+00 5.133978791412249630e-46
2.789213900000000024e+00 5.020735593720039872e-46
2.797793200000000091e+00 4.909882203285159453e-46
2.806398800000000193e+00 4.801370587208999894e-46
2.815030900000000003e+00 4.695154415730250714e-46
2.823689499999999963e+00 4.591187288271360006e-46
2.832374800000000192e+00 4.489424465806439779e-46
2.841086799999999801e+00 4.389821974176039731e-46
2.849825500000000122e+00 4.292335765102090506e-46
2.858591200000000221e+00 4.196923800960249590e-46
2.867383799999999816e+00 4.103544354408490137e-46
2.876203499999999913e+00 4.012156422154239416e-46
2.885050300000000068e+00 3.922719318927360645e-46
2.893924300000000116e+00 3.835194256571039731e-46
2.902825599999999895e+00 3.749541944227559372e-46
2.911754300000000129e+00 3.665725325350560179e-46
2.920710399999999929e+00 3.583706074010409219e-46
2.929694099999999857e+00 3.503448436850010519e-46
2.938705399999999912e+00 3.424916156278409478e-46
2.947744399999999931e+00 3.348074354895359799e-46
2.956811300000000031e+00 3.272888761301290492e-46
2.965905999999999931e+00 3.199324986356489588e-46
2.975028700000000192e+00 3.127350323878560064e-46
2.984179500000000207e+00 3.056931933190559419e-46
2.993358399999999975e+00 2.988037908273640162e-46
3.002565600000000057e+00 2.920637591561289537e-46
3.011801000000000172e+00 2.854699161810250338e-46
3.021064899999999831e+00 2.790193397923839880e-46
3.030357299999999920e+00 2.727090583490249785e-46
3.039678199999999997e+00 2.665361862760959577e-46
3.049027800000000177e+00 2.604978246030249777e-46
3.058406199999999853e+00 2.545912553990560249e-46
3.067813399999999913e+00 2.488137444165610110e-46
3.077249600000000029e+00 2.431625752562409510e-46
3.086714800000000203e+00 2.376351121147239790e-46
3.096209099999999825e+00 2.322288582492490196e-46
3.105732600000000065e+00 2.269412090266239964e-46
3.115285300000000035e+00 2.217697280442250342e-46
3.124867500000000131e+00 2.167119923418810190e-46
3.134479199999999910e+00 2.117656226045609684e-46
3.144120399999999815e+00 2.069282537700010384e-46
3.153791299999999964e+00 2.021976213836410095e-46
3.163491899999999912e+00 1.975715014561689846e-46
3.173222299999999940e+00 1.930476821055999531e-46
3.182982700000000165e+00 1.886239920620249939e-46
3.192773100000000142e+00 1.842983543764090001e-46
3.202593600000000151e+00 1.800686485091559999e-46
3.212444300000000030e+00 1.759329001608999819e-46
3.222325399999999895e+00 1.718890909799039890e-46
3.232236799999999910e+00 1.679352663122560151e-46
3.242178700000000191e+00 1.640695331353689850e-46
3.252151200000000131e+00 1.602900074037610053e-46
3.262154300000000173e+00 1.565948650813690084e-46
3.272188199999999991e+00 1.529823154344040118e-46
3.282252999999999865e+00 1.494505516500090080e-46
3.292348800000000075e+00 1.459978981956809938e-46
3.302475600000000178e+00 1.426226374707840199e-46
3.312633500000000009e+00 1.393231079974410061e-46
3.322822700000000129e+00 1.360977025524640146e-46
3.333043200000000095e+00 1.329447971685610008e-46
3.343295200000000023e+00 1.298628673561209994e-46
3.353578699999999913e+00 1.268503710073690075e-46
3.363893800000000045e+00 1.239057951648039963e-46
3.374240700000000093e+00 1.210276995850809908e-46
3.384619400000000056e+00 1.182146050037160211e-46
3.395030000000000214e+00 1.154651685027840091e-46
3.405472599999999961e+00 1.127779431324159981e-46
3.415947399999999856e+00 1.101516159585960110e-46
3.426454300000000064e+00 1.075848562253439971e-46
3.436993600000000093e+00 1.050763584569760184e-46
3.447565299999999944e+00 1.026248623344490016e-46
3.458169499999999896e+00 1.002291110796010004e-46
3.468806400000000068e+00 9.788791362299039485e-47
3.479475900000000177e+00 9.560004792426728416e-47
3.490178300000000178e+00 9.336435652304287879e-47
3.500913600000000070e+00 9.117969220611365098e-47
3.511681900000000134e+00 8.904493534413375237e-47
3.522483400000000042e+00 8.695898949254415171e-47
3.533317999999999959e+00 8.492077727100900957e-47
3.544185999999999837e+00 8.292924743857008270e-47
3.555087400000000120e+00 8.098336885377599146e-47
3.566022400000000037e+00 7.908213372434494985e-47
3.576990900000000195e+00 7.722455357760004963e-47
3.587993200000000105e+00 7.540965896400224549e-47
3.599029400000000045e+00 7.363650431241225538e-47
3.610099500000000017e+00 7.190416394320329317e-47
3.621203700000000136e+00 7.021172665983843226e-47
3.632341999999999960e+00 6.855830726403135295e-47
3.643514500000000211e+00 6.694303433350727870e-47
3.654721499999999956e+00 6.536505662098282045e-47
3.665962899999999802e+00 6.382354099991768361e-47
3.677238899999999866e+00 6.231767053337764758e-47
3.688549500000000148e+00 6.084664890164643204e-47
3.699895000000000156e+00 5.940969216648488438e-47
3.711275300000000055e+00 5.800603632949634587e-47
3.722690699999999797e+00 5.663493531266594759e-47
3.734141199999999827e+00 5.529565310936209222e-47
3.745626800000000145e+00 5.398747557868899943e-47
3.757147900000000096e+00 5.270969961290915465e-47
3.768704300000000007e+00 5.146163883085823546e-47
3.780296299999999832e+00 5.024262318684961373e-47
3.791923999999999850e+00 4.905199298488385254e-47
3.803587400000000063e+00 4.788910852629848596e-47
3.815286700000000142e+00 4.675333854746568482e-47
3.827021999999999924e+00 4.564406702314449919e-47
3.838793299999999853e+00 4.456069280409616528e-47
3.850600899999999882e+00 4.350262794336483934e-47
3.862444800000000011e+00 4.246929482140899711e-47
3.874325100000000077e+00 4.146012990190680570e-47
3.886242000000000196e+00 4.047458084772495472e-47
3.898195499999999925e+00 3.951211136995600012e-47
3.910185799999999823e+00 3.857219081232196384e-47
3.922213000000000171e+00 3.765430409788609173e-47
3.934277199999999919e+00 3.675794641102224156e-47
3.946378499999999789e+00 3.588262542843663720e-47
3.958517000000000063e+00 3.502785746129569214e-47
3.970692800000000133e+00 3.419316970705476040e-47
3.982906100000000116e+00 3.337810233226224718e-47
3.995156900000000011e+00 3.258220240195684108e-47
4.007445500000000216e+00 3.180502950818703831e-47
4.019771800000000006e+00 3.104615207417476169e-47
4.032136099999999779e+00 3.030514721112321028e-47
4.044538300000000142e+00 2.958160166438841580e-47
4.056978800000000440e+00 2.887511375753761525e-47
4.069457500000000394e+00 2.818528775273123675e-47
4.081974500000000283e+00 2.751173909269955742e-47
4.094530100000000061e+00 2.685408993348624318e-47
4.107124299999999728e+00 2.621197215221641235e-47
4.119757199999999564e+00 2.558502507416164351e-47
4.132429000000000130e+00 2.497289635006321213e-47
4.145139799999999930e+00 2.437524276264100115e-47
4.157889599999999852e+00 2.379172706311696074e-47
4.170678699999999850e+00 2.322201984371360870e-47
4.183507099999999923e+00 2.266580031783768557e-47
4.196374999999999744e+00 2.212275421268224034e-47
4.209282499999999594e+00 2.159257459131720811e-47
4.222229600000000360e+00 2.107496077245728786e-47
4.235216600000000220e+00 2.056962094817536350e-47
4.248243500000000061e+00 2.007626654063209008e-47
4.261310499999999557e+00 1.959461846424480862e-47
4.274417699999999876e+00 1.912440243879935872e-47
4.287565200000000409e+00 1.866535240475888881e-47
4.300753099999999662e+00 1.821720600461160762e-47
4.313981599999999972e+00 1.777970797012081345e-47
4.327250799999999842e+00 1.735260826357443954e-47
4.340560800000000441e+00 1.693566445985296305e-47
4.353911799999999666e+00 1.652863825863184013e-47
4.367303800000000180e+00 1.613129545198655954e-47
4.380736999999999881e+00 1.574341065253088896e-47
4.394211499999999937e+00 1.536475991576464183e-47
4.407727500000000020e+00 1.499512859919936040e-47
4.421285100000000412e+00 1.463430258607248912e-47
4.434884300000000223e+00 1.428207600389955705e-47
4.448525400000000296e+00 1.393824718617443658e-47
4.462208399999999742e+00 1.360261712739075762e-47
4.475933500000000009e+00 1.327499387568224872e-47
4.489700899999999884e+00 1.295518868662489102e-47
4.503510499999999972e+00 1.264301813508483780e-47
4.517362699999999620e+00 1.233830185594561249e-47
4.531257499999999716e+00 1.204086391202704020e-47
4.545194999999999652e+00 1.175053406018704174e-47
4.559175299999999709e+00 1.146714350175241005e-47
4.573198699999999839e+00 1.119052963158001043e-47
4.587265200000000043e+00 1.092053251120441046e-47
4.601374999999999993e+00 1.065699615953024945e-47
4.615528199999999970e+00 1.039976781266240987e-47
4.629724900000000254e+00 1.014869978136575912e-47
4.643965299999999630e+00 9.903645505233640762e-48
4.658249399999999874e+00 9.664464591492841171e-48
4.672577600000000331e+00 9.431017660414440374e-48
4.686949700000000441e+00 9.203169443990760317e-48
4.701366100000000436e+00 8.980788663052960733e-48
4.715826899999999711e+00 8.763745539333759488e-48
4.730332100000000040e+00 8.551914747336489638e-48
4.744881900000000208e+00 8.345173528641960388e-48
4.759476499999999888e+00 8.143401649293160959e-48
4.774116000000000248e+00 7.946482485240360116e-48
4.788800499999999793e+00 7.754300684370249220e-48
4.803530099999999692e+00 7.566745495675240252e-48
4.818305099999999896e+00 7.383707333884839913e-48
4.833125500000000407e+00 7.205079955983999614e-48
4.847991500000000009e+00 7.030759827364000100e-48
4.862903300000000151e+00 6.860645529515560742e-48
4.877860899999999944e+00 6.694637725040039444e-48
4.892864499999999950e+00 6.532639634228410513e-48
4.907914199999999560e+00 6.374557474689958955e-48
4.923010299999999617e+00 6.220298870377289644e-48
4.938152800000000120e+00 6.069773836219210160e-48
4.953341799999999573e+00 5.922894716520039652e-48
4.968577599999999705e+00 5.779575643995039621e-48
4.983860199999999629e+00 5.639733460231289737e-48
4.999189900000000186e+00 5.503286221190559252e-48
5.014566699999999599e+00 5.370154588768359089e-48
5.029990800000000206e+00 5.240260373082250118e-48
5.045462299999999622e+00 5.113527438720999598e-48
5.060981400000000185e+00 4.989882544220250116e-48
5.076548299999999792e+00 4.869252587026890044e-48
5.092163000000000217e+00 4.751567276481000886e-48
5.107825799999999639e+00 4.636757737294239774e-48
5.123536800000000113e+00 4.524756486756250823e-48
5.139295999999999864e+00 4.415498252695690518e-48
5.155103800000000014e+00 4.308918654642250433e-48
5.170960100000000281e+00 4.204955438561439916e-48
5.186865300000000012e+00 4.103547190417959960e-48
5.202819299999999814e+00 4.004634141427239643e-48
5.218822499999999920e+00 3.908158914360959587e-48
5.234874800000000050e+00 3.814064088776409611e-48
5.250976600000000438e+00 3.722294183895040175e-48
5.267127799999999915e+00 3.632795592912360501e-48
5.283328799999999603e+00 3.545515012934440117e-48
5.299579500000000110e+00 3.460401334397159122e-48
5.315880299999999892e+00 3.377403718657959644e-48
5.332231199999999838e+00 3.296473805656359963e-48
5.348632399999999620e+00 3.217562740043559422e-48
5.365084000000000408e+00 3.140624787888639887e-48
5.381586200000000098e+00 3.065613340854489941e-48
5.398139200000000137e+00 2.992484122448039516e-48
5.414743099999999920e+00 2.921193722500000300e-48
5.431398100000000007e+00 2.851699921985290348e-48
5.448104299999999789e+00 2.783960658920250572e-48
5.464861899999999828e+00 2.717935704625689851e-48
5.481671099999999797e+00 2.653585288492410339e-48
5.498531899999999695e+00 2.590871393618559851e-48
5.515444600000000364e+00 2.529756097128489785e-48
5.532409300000000307e+00 2.470202540668840286e-48
5.549426200000000087e+00 2.412174900676840148e-48
5.566495500000000263e+00 2.355638052557439879e-48
5.583617199999999947e+00 2.300557864080999876e-48
5.600791599999999981e+00 2.246900568122249789e-48
5.618018900000000038e+00 2.194634252328040024e-48
5.635299100000000116e+00 2.143726730438410157e-48
5.652632500000000171e+00 2.094146743418890096e-48
5.670019199999999593e+00 2.045863933569000224e-48
5.687459399999999832e+00 1.998849102203560224e-48
5.704953200000000280e+00 1.953072771566440107e-48
5.722500799999999721e+00 1.908506883763839712e-48
5.740102399999999605e+00 1.865124198720249936e-48
5.757758100000000212e+00 1.822897191638409974e-48
5.775468199999999719e+00 1.781799694376489759e-48
5.793232699999999902e+00 1.741806314580009873e-48
5.811051899999999826e+00 1.702891892601000153e-48
5.828925800000000379e+00 1.665031510320999870e-48
5.846854800000000019e+00 1.628201520099999841e-48
5.864838899999999633e+00 1.592378738646009917e-48
5.882878299999999783e+00 1.557539942607359950e-48
5.900973200000000141e+00 1.523663125056249965e-48
5.919123700000000099e+00 1.490726228208999866e-48
5.937330099999999611e+00 1.458708131346009779e-48
5.955592499999999845e+00 1.427588141415839946e-48
5.973911099999999585e+00 1.397345751998439833e-48
5.992286000000000001e+00 1.367961352961439898e-48
6.010717399999999877e+00 1.339415275027209919e-48
6.029205499999999773e+00 1.311688725984040168e-48
6.047750500000000251e+00 1.284763308676000077e-48
6.066352499999999814e+00 1.258620792559290005e-48
6.085011699999999912e+00 1.233243787328010052e-48
6.103728399999999610e+00 1.208614616774010054e-48
6.122502599999999795e+00 1.184716654119609863e-48
6.141334500000000141e+00 1.161533422829160051e-48
6.160224399999999711e+00 1.139048817001289920e-48
6.179172399999999676e+00 1.117246886001000178e-48
6.198178600000000316e+00 1.096112678115999885e-48
6.217243299999999806e+00 1.075630962151690101e-48
6.236366699999999597e+00 1.055786869722009909e-48
6.255548899999999968e+00 1.036566094537209907e-48
6.274790099999999704e+00 1.017954677118760211e-48
6.294090399999999974e+00 9.999390609284209244e-49
6.313450099999999843e+00 9.825055506330723463e-49
6.332869399999999871e+00 9.656411543429762296e-49
6.352348400000000339e+00 9.493330377640728662e-49
6.371887400000000312e+00 9.335686242036023223e-49
6.391486399999999790e+00 9.183357084467556243e-49
6.411145699999999614e+00 9.036222606666303326e-49
6.430865500000000345e+00 8.894165789943224210e-49
6.450645899999999600e+00 8.757071913075983107e-49
6.470487099999999714e+00 8.624828913181847749e-49
6.490389399999999753e+00 8.497326989816809258e-49
6.510353000000000279e+00 8.374458955684901019e-49
6.530377900000000402e+00 8.256120023881635087e-49
6.550464400000000076e+00 8.142207420740761145e-49
6.570612699999999862e+00 8.032620907512101548e-49
6.590823000000000320e+00 7.927262031139928370e-49
6.611095399999999955e+00 7.826034993414401571e-49
6.631430199999999608e+00 7.728845725133315783e-49
6.651827499999999560e+00 7.635602214816489222e-49
6.672287599999999763e+00 7.546214474102498833e-49
6.692810599999999610e+00 7.460594500821289411e-49
6.713396799999999942e+00 7.378656068002814767e-49
6.734046199999999871e+00 7.300314687050640184e-49
6.754759199999999630e+00 7.225488078242641762e-49
6.775535900000000389e+00 7.154095439316995959e-49
6.796376399999999762e+00 7.086057574268175054e-49
6.817281099999999761e+00 7.021297014512400086e-49
6.838250099999999776e+00 6.959738300102115734e-49
6.859283600000000369e+00 6.901306921551025226e-49
6.880381800000000325e+00 6.845930436259042994e-49
6.901544900000000204e+00 6.793537741326399213e-49
6.922773000000000287e+00 6.744059181972840439e-49
6.944066499999999920e+00 6.697426490893635455e-49
6.965425500000000270e+00 6.653573215635843773e-49
6.986850099999999841e+00 6.612433834498128223e-49
7.008340699999999757e+00 6.573944184098768593e-49
7.029897300000000016e+00 6.538041715152963716e-49
7.051520299999999963e+00 6.504665097462016490e-49
7.073209799999999881e+00 6.473754151687449445e-49
7.094966000000000328e+00 6.445249780629969004e-49
7.116789100000000090e+00 6.419094541039504425e-49
7.138679299999999728e+00 6.395231608516863692e-49
7.160636900000000082e+00 6.373605669568225084e-49
7.182661999999999658e+00 6.354162687852004564e-49
7.204754799999999904e+00 6.336849195540241066e-49
7.226915599999999884e+00 6.321613180496329309e-49
7.249144600000000160e+00 6.308403537360680137e-49
7.271441900000000125e+00 6.297170316602944750e-49
7.293807900000000011e+00 6.287864497155136065e-49
7.316242599999999818e+00 6.280437919617795165e-49
7.338746300000000389e+00 6.274843537488099823e-49
7.361319199999999618e+00 6.271035193857424611e-49
7.383961600000000125e+00 6.268967558483343655e-49
7.406673600000000413e+00 6.268596224734089428e-49
7.429455500000000434e+00 6.269877649788481361e-49
7.452307399999999582e+00 6.272769413467488692e-49
7.475229699999999866e+00 6.277229687260899300e-49
7.498222400000000398e+00 6.283217338495504316e-49
7.521285899999999636e+00 6.290692036537689126e-49
7.544420299999999635e+00 6.299614678892544205e-49
7.567625900000000350e+00 6.309946550669583343e-49
7.590902800000000283e+00 6.321649595475204420e-49
7.614251399999999670e+00 6.334686689655023915e-49
7.637671700000000286e+00 6.349021442478008252e-49
7.661164099999999699e+00 6.364618157002248394e-49
7.684728800000000248e+00 6.381441473405624814e-49
7.708365900000000437e+00 6.399457291505663634e-49
7.732075700000000218e+00 6.418631780580496101e-49
7.755858500000000433e+00 6.438931666646115975e-49
7.779714399999999586e+00 6.460324845813316472e-49
7.803643700000000294e+00 6.482778912678435684e-49
7.827646599999999566e+00 6.506263063188100908e-49
7.851723299999999739e+00 6.530746464285156201e-49
7.875874099999999878e+00 6.556199036588881507e-49
7.900099199999999655e+00 6.582591274248900886e-49
7.924398799999999632e+00 6.609894064575025719e-49
7.948773100000000369e+00 6.638079158950463554e-49
7.973222400000000043e+00 6.667118345075775019e-49
7.997746900000000103e+00 6.696984574031236238e-49
8.022346799999999334e+00 6.727650971463080918e-49
8.047022399999999465e+00 6.759090823416100353e-49
8.071773900000000168e+00 6.791278552097795281e-49
8.096601599999999621e+00 6.824188393953316293e-49
8.121505600000000769e+00 6.857795875476101479e-49
8.146486100000000619e+00 6.892076157323840517e-49
8.171543599999999685e+00 6.927005184591425340e-49
8.196678099999999745e+00 6.962559687338115199e-49
8.221889900000000750e+00 6.998716011072241066e-49
8.247179300000000879e+00 7.035451949515201388e-49
8.272546399999999522e+00 7.072744738550545780e-49
8.297991599999999579e+00 7.110572729420942331e-49
8.323515000000000441e+00 7.148914214767503108e-49
8.349116999999999678e+00 7.187748101625744620e-49
8.374797700000000233e+00 7.227053575902240254e-49
8.400557400000000285e+00 7.266810614448098744e-49
8.426396300000000394e+00 7.306998796570225990e-49
8.452314700000000514e+00 7.347598667878225397e-49
8.478312799999999427e+00 7.388590720575743758e-49
8.504390900000000642e+00 7.429956425868025173e-49
8.530549199999999388e+00 7.471676863855043245e-49
8.556787999999999172e+00 7.513733757785616280e-49
8.583107399999999387e+00 7.556109309181454023e-49
8.609507799999999378e+00 7.598785681788194906e-49
8.635989500000000874e+00 7.641745875726400405e-49
8.662552500000000322e+00 7.684972688128576747e-49
8.689197300000000013e+00 7.728449590383202321e-49
8.715924100000000507e+00 7.772159857301314537e-49
8.742732999999999421e+00 7.816087803466880871e-49
8.769624399999999653e+00 7.860217380989688857e-49
8.796598499999999987e+00 7.904533065168481158e-49
8.823655600000000376e+00 7.949019685425624651e-49
8.850795899999999605e+00 7.993662074627525594e-49
8.878019699999999403e+00 8.038445788464401161e-49
8.905327200000000332e+00 8.083356218655169389e-49
8.932718799999999959e+00 8.128379314125625026e-49
8.960194500000000062e+00 8.173500867797057177e-49
8.987754799999999378e+00 8.218707423325567258e-49
9.015399900000000244e+00 8.263985560609157223e-49
9.043129999999999669e+00 8.309321898652323574e-49
9.070945399999999381e+00 8.354703829756760224e-49
9.098846299999999943e+00 8.400118249361281631e-49
9.126833100000000698e+00 8.445553022096100363e-49
9.154905899999999264e+00 8.490995707266800583e-49
9.183065100000000314e+00 8.536434296266276293e-49
9.211310900000000856e+00 8.581857035485969285e-49
9.239643600000000845e+00 8.627252617830025755e-49
9.268063400000000840e+00 8.672609445907716769e-49
9.296570700000000187e+00 8.717916564206655688e-49
9.325165600000000055e+00 8.763163295309360241e-49
9.353848499999999788e+00 8.808338870268001533e-49
9.382619599999999949e+00 8.853433182323857137e-49
9.411479200000000489e+00 8.898436231499528455e-49
9.440427599999999586e+00 8.943338127962175103e-49
9.469464999999999577e+00 8.988129853839502848e-49
9.498591700000000415e+00 9.032802135513025125e-49
9.527808000000000277e+00 9.077346585512100426e-49
9.557114199999999116e+00 9.121755333110160492e-49
9.586510499999999269e+00 9.166020649199570272e-49
9.615997300000000081e+00 9.210136101058115232e-49
9.645574699999999169e+00 9.254095222411262639e-49
9.675243099999999430e+00 9.297893056889889288e-49
9.705002800000000818e+00 9.341524630342968929e-49
9.734854000000000340e+00 9.384985532538224956e-49
9.764796999999999727e+00 9.428269593922730680e-49
9.794832200000000100e+00 9.471367892828208318e-49
9.824959700000000851e+00 9.514265018716837008e-49
9.855179899999999549e+00 9.556935286257239543e-49
9.885493000000000308e+00 9.599342232870290540e-49
9.915899400000000696e+00 9.641444202012735518e-49
9.946399299999999499e+00 9.683206301984655110e-49
9.976993000000000222e+00 9.724613309810117072e-49
1.000768099999999983e+01 9.765672062602224460e-49
1.003846300000000014e+01 9.806402976416657904e-49
1.006934000000000040e+01 9.846826885730041894e-49
1.010031200000000062e+01 9.886958478110593709e-49
1.013137900000000080e+01 9.926803635155717283e-49
1.016254200000000019e+01 9.966361735998888450e-49
1.019379999999999953e+01 1.000562879185959865e-48
1.022515500000000088e+01 1.004459560865290129e-48
1.025660599999999967e+01 1.008325657377640101e-48
1.028815400000000047e+01 1.012160144206890091e-48
1.031979899999999972e+01 1.015962396140159847e-48
1.035154099999999922e+01 1.019731383306249858e-48
1.038338099999999997e+01 1.023466679224090152e-48
1.041531900000000022e+01 1.027167452953290033e-48
1.044735499999999995e+01 1.030832871640360035e-48
1.047948899999999917e+01 1.034462507476089835e-48
1.051172299999999993e+01 1.038055730040040222e-48
1.054405500000000018e+01 1.041611704598439940e-48
1.057648700000000019e+01 1.045130003856000064e-48
1.060901899999999998e+01 1.048610201878889915e-48
1.064165099999999953e+01 1.052051463859360016e-48
1.067438300000000062e+01 1.055453570197289910e-48
1.070721600000000073e+01 1.058815892548840075e-48
1.074014999999999986e+01 1.062138008960639787e-48
1.077318499999999979e+01 1.065419086233960185e-48
1.080632199999999976e+01 1.068659117344089941e-48
1.083956000000000053e+01 1.071857478330250168e-48
1.087290100000000059e+01 1.075013545777960069e-48
1.090634499999999996e+01 1.078127112241000046e-48
1.093989099999999937e+01 1.081197765403560043e-48
1.097354100000000088e+01 1.084224886625440026e-48
1.100729399999999991e+01 1.087208275171839821e-48
1.104115099999999927e+01 1.090147315841439870e-48
1.107511200000000073e+01 1.093041603487690118e-48
1.110917700000000075e+01 1.095891153843240095e-48
1.114334700000000034e+01 1.098695148419559940e-48
1.117762300000000053e+01 1.101453608402559985e-48
1.121200400000000030e+01 1.104165718690410044e-48
1.124648999999999965e+01 1.106831506072360140e-48
1.128108300000000064e+01 1.109450580381159965e-48
1.131578200000000045e+01 1.112022553815040050e-48
1.135058700000000087e+01 1.114547040985209958e-48
1.138550000000000040e+01 1.117023658963560076e-48
1.142051999999999978e+01 1.119452450547240027e-48
1.145564800000000005e+01 1.121832615555999846e-48
1.149088399999999943e+01 1.124164414862440030e-48
1.152622900000000072e+01 1.126447053232410100e-48
1.156168199999999935e+01 1.128680586278440021e-48
1.159724399999999989e+01 1.130864648609439975e-48
1.163291500000000056e+01 1.132998877545639890e-48
1.166869600000000062e+01 1.135083126247839793e-48
1.170458799999999933e+01 1.137117251449000131e-48
1.174058899999999994e+01 1.139100686539559961e-48
1.177670200000000023e+01 1.141033507948889802e-48
1.181292499999999990e+01 1.142915368812840169e-48
1.184925999999999924e+01 1.144745925184000230e-48
1.188570700000000002e+01 1.146525050232809824e-48
1.192226499999999945e+01 1.148252620790250002e-48
1.195893700000000059e+01 1.149928302878410127e-48
1.199572099999999963e+01 1.151551980195209995e-48
1.203261799999999937e+01 1.153123540128810018e-48
1.206962799999999980e+01 1.154642443940410109e-48
1.210675299999999943e+01 1.156109015670009961e-48
1.214399099999999976e+01 1.157522723453289991e-48
1.218134500000000031e+01 1.158883468710250055e-48
1.221881300000000081e+01 1.160191156610889951e-48
1.225639600000000051e+01 1.161445696075210033e-48
1.229409500000000044e+01 1.162646568468809866e-48
1.233191000000000059e+01 1.163794121090409898e-48
1.236984099999999920e+01 1.164887842420089990e-48
1.240788900000000083e+01 1.165927871785960009e-48
1.244605400000000017e+01 1.166913920596410234e-48
1.248433600000000077e+01 1.167845919828640185e-48
1.252273600000000009e+01 1.168723804270089969e-48
1.256125399999999992e+01 1.169547296227210079e-48
1.259989099999999951e+01 1.170316337894559882e-48
1.263864599999999960e+01 1.171031091735609966e-48
1.267752100000000048e+01 1.171691074830239894e-48
1.271651499999999935e+01 1.172296457256960088e-48
1.275563000000000002e+01 1.172847196572490193e-48
1.279486400000000046e+01 1.173343037532160038e-48
1.283421899999999916e+01 1.173783945251609841e-48
1.287369600000000069e+01 1.174169888717439928e-48
1.291329299999999947e+01 1.174500840787209824e-48
1.295301300000000033e+01 1.174776561415209998e-48
1.299285399999999946e+01 1.174997464729000118e-48
1.303281800000000068e+01 1.175163101640359973e-48
1.307290599999999969e+01 1.175273460460089788e-48
1.311311599999999977e+01 1.175328533400489923e-48
1.315344999999999942e+01 1.175328533400489923e-48
1.319390800000000041e+01 1.175273026820009866e-48
1.323449100000000023e+01 1.175162451210810120e-48
1.327519799999999961e+01 1.174996380756249746e-48
1.331603100000000062e+01 1.174775260770250233e-48
1.335698900000000044e+01 1.174498673300410179e-48
1.339807300000000012e+01 1.174166854664039993e-48
1.343928400000000067e+01 1.173779611603210010e-48
1.348062099999999930e+01 1.173337188207610054e-48
1.352208599999999983e+01 1.172839615719840014e-48
1.356367799999999946e+01 1.172286712739609827e-48
1.360539799999999921e+01 1.171678734969210092e-48
1.364724600000000088e+01 1.171015725371040053e-48
1.368922300000000014e+01 1.170297514448410073e-48
1.373132900000000056e+01 1.169524153181159969e-48
1.377356499999999961e+01 1.168695912693760204e-48
1.381592999999999982e+01 1.167812851585209834e-48
1.385842599999999969e+01 1.166874816312039851e-48
1.390105199999999996e+01 1.165882089504039811e-48
1.394380999999999915e+01 1.164834525625000054e-48
1.398669899999999977e+01 1.163732414954489772e-48
1.402971999999999930e+01 1.162576051275239828e-48
1.407287400000000055e+01 1.161365085222249869e-48
1.411616000000000071e+01 1.160099818488490019e-48
1.415957900000000080e+01 1.158780340915560134e-48
1.420313200000000009e+01 1.157406746246559747e-48
1.424681900000000034e+01 1.155979132126090197e-48
1.429063999999999979e+01 1.154497814995360007e-48
1.433459599999999945e+01 1.152962899873210044e-48
1.437868699999999933e+01 1.151374281045209906e-48
1.442291400000000046e+01 1.149732286182489766e-48
1.446727699999999928e+01 1.148037031932009909e-48
1.451177599999999934e+01 1.146288852941439830e-48
1.455641199999999991e+01 1.144487445171840060e-48
1.460118600000000022e+01 1.142633578752160174e-48
1.464609699999999926e+01 1.140726957523240003e-48
1.469114599999999982e+01 1.138767930882490172e-48
1.473633399999999938e+01 1.136756638106410239e-48
1.478166099999999972e+01 1.134693648400000021e-48
1.482712700000000083e+01 1.132578468992890004e-48
1.487273399999999945e+01 1.130411889188889752e-48
1.491848000000000063e+01 1.128194062359040158e-48
1.496436699999999931e+01 1.125924933435209933e-48
1.501039500000000082e+01 1.123604876005289954e-48
1.505656500000000086e+01 1.121234054795560099e-48
1.510287699999999944e+01 1.118813061408160071e-48
1.514933100000000010e+01 1.116341644098490071e-48
1.519592899999999958e+01 1.113820401053609879e-48
1.524266899999999936e+01 1.111249510627240209e-48
1.528955299999999973e+01 1.108629154893159841e-48
1.533658199999999994e+01 1.105959729974439872e-48
1.538375500000000073e+01 1.103241424609000149e-48
1.543107299999999960e+01 1.100474641032010005e-48
1.547853699999999932e+01 1.097659784094759906e-48
1.552614699999999992e+01 1.094796842685159844e-48
1.557390299999999961e+01 1.091886437395689922e-48
1.562180599999999941e+01 1.088928564102759921e-48
1.566985700000000037e+01 1.085923848682889851e-48
1.571805499999999967e+01 1.082872710176890135e-48
1.576640100000000011e+01 1.079775154357290058e-48
1.581489700000000020e+01 1.076631606793959898e-48
1.586354099999999967e+01 1.073442702612640026e-48
1.591233500000000056e+01 1.070208664179210025e-48
1.596127899999999933e+01 1.066929717344409930e-48
1.601037399999999877e+01 1.063606503969000047e-48
1.605961900000000142e+01 1.060239254912639993e-48
1.610901600000000045e+01 1.056828410066560107e-48
1.615856499999999940e+01 1.053374411404090098e-48
1.620826699999999931e+01 1.049877702933160086e-48
1.625812099999999916e+01 1.046338730648999915e-48
1.630812900000000099e+01 1.042757738256010138e-48
1.635829000000000022e+01 1.039135380524009960e-48
1.640860599999999891e+01 1.035472109142249918e-48
1.645907700000000062e+01 1.031768377599999872e-48
1.650970200000000077e+01 1.028024641140250135e-48
1.656048399999999887e+01 1.024241154304000085e-48
1.661142200000000102e+01 1.020418780900840174e-48
1.666251600000000010e+01 1.016557778376010143e-48
1.671376800000000173e+01 1.012658809790250020e-48
1.676517700000000133e+01 1.008722337292890001e-48
1.681674399999999991e+01 1.004749024960890183e-48
1.686846999999999852e+01 1.000739136530250000e-48
1.692035500000000070e+01 9.966933180651839326e-49
1.697240000000000038e+01 9.926122553285184831e-49
1.702460400000000007e+01 9.884964147846647251e-49
1.707696999999999932e+01 9.843464029778288471e-49
1.712949599999999961e+01 9.801628264067929761e-49
1.718218399999999946e+01 9.759462716940050447e-49
1.723503399999999885e+01 9.716973451584099391e-49
1.728804600000000136e+01 9.674166725304963221e-49
1.734122199999999836e+01 9.631048790340649562e-49
1.739456099999999950e+01 9.587626284780623982e-49
1.744806399999999869e+01 9.543905445811396744e-49
1.750173200000000051e+01 9.499893088086025240e-49
1.755556500000000142e+01 9.455596012732318692e-49
1.760956300000000141e+01 9.411020812493057260e-49
1.766372799999999899e+01 9.366174647442000740e-49
1.771805900000000022e+01 9.321064657926919805e-49
1.777255699999999905e+01 9.275697771059774908e-49
1.782722300000000004e+01 9.230081470795969094e-49
1.788205699999999965e+01 9.184223023259905851e-49
1.793705999999999889e+01 9.138130242970624512e-49
1.799223100000000031e+01 9.091810340470225805e-49
1.804757299999999987e+01 9.045271450383424345e-49
1.810308500000000009e+01 8.998521100486224999e-49
1.815876700000000099e+01 8.951567542700176441e-49
1.821462100000000106e+01 8.904418798579984352e-49
1.827064700000000030e+01 8.857083037253927771e-49
1.832684499999999872e+01 8.809568759645807098e-49
1.838321499999999986e+01 8.761884043564096556e-49
1.843975899999999868e+01 8.714038041376143287e-49
1.849647799999999975e+01 8.666038915599845062e-49
1.855337000000000103e+01 8.617895707394882242e-49
1.861043799999999848e+01 8.569617582028440140e-49
1.866768100000000175e+01 8.521213271334723390e-49
1.872510000000000119e+01 8.472692182483984806e-49
1.878269600000000139e+01 8.424063652159205084e-49
1.884046800000000133e+01 8.375337128529425038e-49
1.889841900000000052e+01 8.326522167548839714e-49
1.895654800000000151e+01 8.277628429249728741e-49
1.901485600000000176e+01 8.228666036880025942e-49
1.907334300000000127e+01 8.179644663366545275e-49
1.913200900000000004e+01 8.130574437411204243e-49
1.919085700000000116e+01 8.081465754562730676e-49
1.924988499999999902e+01 8.032329091520644062e-49
1.930909499999999923e+01 7.983174823720996241e-49
1.936848699999999823e+01 7.934013580686400615e-49
1.942806200000000061e+01 7.884856239604369588e-49
1.948781999999999925e+01 7.835713741867488430e-49
1.954776199999999875e+01 7.786597089439809413e-49
1.960788799999999910e+01 7.737517517185601220e-49
1.966819900000000132e+01 7.688486486520226444e-49
1.972869499999999832e+01 7.639515329471040789e-49
1.978937799999999925e+01 7.590615944987881790e-49
1.985024699999999953e+01 7.541799918670368530e-49
1.991130400000000122e+01 7.493079044380328165e-49
1.997254799999999975e+01 7.444465835817124749e-49
2.003398100000000071e+01 7.395972136026244419e-49
2.009560300000000055e+01 7.347610325549208229e-49
2.015741399999999928e+01 7.299393140028197637e-49
2.021941500000000147e+01 7.251333150657601295e-49
2.028160700000000105e+01 7.203443273356201040e-49
2.034399099999999905e+01 7.155736421995394526e-49
2.040656600000000154e+01 7.108225505745849489e-49
2.046933299999999889e+01 7.060924098783025136e-49
2.053229400000000027e+01 7.013845589177024028e-49
2.059544899999999856e+01 6.967003346404929725e-49
2.065879699999999985e+01 6.920411384780099730e-49
2.072234100000000012e+01 6.874083521268648689e-49
2.078607999999999834e+01 6.828033707094888232e-49
2.085001499999999908e+01 6.782276188139775938e-49
2.091414699999999982e+01 6.736825498079889058e-49
2.097847499999999954e+01 6.691695960967368701e-49
2.104300200000000132e+01 6.646902345360368124e-49
2.110772800000000160e+01 6.602459367959361360e-49
2.117265199999999936e+01 6.558382341145599735e-49
2.123777600000000021e+01 6.514686193523235823e-49
2.130310000000000059e+01 6.471386440925183244e-49
2.136862599999999901e+01 6.428498214103055068e-49
2.143435300000000154e+01 6.386037543559968947e-49
2.150028199999999856e+01 6.344020070513449463e-49
2.156641300000000072e+01 6.302461847698116052e-49
2.163274900000000045e+01 6.261379017023375358e-49
2.169928799999999924e+01 6.220787651680899702e-49
2.176603199999999916e+01 6.180704387911935394e-49
2.183298100000000019e+01 6.141145947935296004e-49
2.190013599999999983e+01 6.102128828783376077e-49
2.196749799999999908e+01 6.063670087724040730e-49
2.203506700000000151e+01 6.025786871387363528e-49
2.210284400000000105e+01 5.988496263890625504e-49
2.217082900000000123e+01 5.951815755552143128e-49
2.223902299999999954e+01 5.915763088344004144e-49
2.230742700000000056e+01 5.880355491442575832e-49
2.237604200000000176e+01 5.845611224820408142e-49
2.244486699999999857e+01 5.811548046920100023e-49
2.251390400000000014e+01 5.778184142439424336e-49
2.258315400000000039e+01 5.745537670455624016e-49
2.265261699999999934e+01 5.713627228154520487e-49
2.272229300000000052e+01 5.682471252380223368e-49
2.279218300000000141e+01 5.652088334058383028e-49
2.286228900000000053e+01 5.622497228455969216e-49
2.293261000000000038e+01 5.593716866234025321e-49
2.300314699999999846e+01 5.565766365316095697e-49
2.307390200000000036e+01 5.538664597062024402e-49
2.314487400000000150e+01 5.512430799096516219e-49
2.321606399999999937e+01 5.487084439570449226e-49
2.328747399999999956e+01 5.462644788825848714e-49
2.335910200000000003e+01 5.439131087716225468e-49
2.343095200000000133e+01 5.416563008873808597e-49
2.350302200000000141e+01 5.394960084953663986e-49
2.357531399999999877e+01 5.374341877869408365e-49
2.364782800000000051e+01 5.354727854112035321e-49
2.372056600000000159e+01 5.336137846570128965e-49
2.379352700000000098e+01 5.318591345540928863e-49
2.386671199999999970e+01 5.302107816949476052e-49
2.394012299999999982e+01 5.286707017965025461e-49
2.401375900000000030e+01 5.272408439267903560e-49
2.408762199999999964e+01 5.259231477672480595e-49
2.416171200000000141e+01 5.247195462750783414e-49
2.423602999999999952e+01 5.236319683531560089e-49
2.431057699999999855e+01 5.226623270661321101e-49
2.438535299999999850e+01 5.218124934828100110e-49
2.446035900000000041e+01 5.210843716758276813e-49
2.453559500000000071e+01 5.204798146738369159e-49
2.461106300000000147e+01 5.200006416544899772e-49
2.468676299999999912e+01 5.196486549955599498e-49
2.476269599999999826e+01 5.194256283873720228e-49
2.483886299999999991e+01 5.193333237096225942e-49
2.491526400000000052e+01 5.193734213299488717e-49
2.499190000000000111e+01 5.195475944122499616e-49
2.506877100000000169e+01 5.198574533501880754e-49
2.514587900000000076e+01 5.203045765243880612e-49
2.522322399999999831e+01 5.208904687798563381e-49
2.530080699999999894e+01 5.216165917934840754e-49
2.537862900000000010e+01 5.224843365154084615e-49
2.545668999999999826e+01 5.234950386643849358e-49
2.553499100000000155e+01 5.246499361194729560e-49
2.561353300000000033e+01 5.259502127880624817e-49
2.569231699999999918e+01 5.273969698898403942e-49
2.577134300000000167e+01 5.289911821968400578e-49
2.585061200000000170e+01 5.307337701081529009e-49
2.593012399999999928e+01 5.326255407477601158e-49
2.600988200000000106e+01 5.346671866483599894e-49
2.608988499999999888e+01 5.368592694203760621e-49
2.617013299999999987e+01 5.392022616134449579e-49
2.625062899999999999e+01 5.416964710401024252e-49
2.633137200000000178e+01 5.443421112847936190e-49
2.641236400000000017e+01 5.471392101761881233e-49
2.649360400000000126e+01 5.500876648731025169e-49
2.657509500000000102e+01 5.531872082421136232e-49
2.665683599999999842e+01 5.564374191341289545e-49
2.673882899999999907e+01 5.598376876579204466e-49
2.682107399999999942e+01 5.633872095647376255e-49
2.690357099999999946e+01 5.670850103672209054e-49
2.698632299999999873e+01 5.709299092489215534e-49
2.706932899999999975e+01 5.749205426955224761e-49
2.715259100000000103e+01 5.790552971236488589e-49
2.723610800000000154e+01 5.833323468182808719e-49
2.731988199999999978e+01 5.877496465588223298e-49
2.740391500000000136e+01 5.923049085977104101e-49
2.748820500000000067e+01 5.969956254002063654e-49
2.757275500000000079e+01 6.018189998076035264e-49
2.765756500000000173e+01 6.067720137207184064e-49
2.774263600000000096e+01 6.118513577181183686e-49
2.782796799999999848e+01 6.170534846773503602e-49
2.791356299999999990e+01 6.223745544336960518e-49
2.799942100000000167e+01 6.278104564029081039e-49
2.808554300000000126e+01 6.333568170703523694e-49
2.817192999999999969e+01 6.390089439661225692e-49
2.825858300000000156e+01 6.447619129396624502e-49
2.834550300000000078e+01 6.506104806464041640e-49
2.843268899999999988e+01 6.565491084287524914e-49
2.852014399999999839e+01 6.625720034972676585e-49
2.860786799999999985e+01 6.686730798739489097e-49
2.869586200000000176e+01 6.748459843980100216e-49
2.878412600000000054e+01 6.810840578785488805e-49
2.887266199999999827e+01 6.873803951277647624e-49
2.896146999999999849e+01 6.937278405186275798e-49
2.905055199999999971e+01 7.001189671764545028e-49
2.913990700000000089e+01 7.065461233464802651e-49
2.922953700000000055e+01 7.130013792269281445e-49
2.931944299999999970e+01 7.194766425036962114e-49
2.940962599999999938e+01 7.259635901029009478e-49
2.950008499999999856e+01 7.324536841586064967e-49
2.959082400000000135e+01 7.389382576864324155e-49
2.968184099999999859e+01 7.454084475961601988e-49
2.977313799999999944e+01 7.518552651129742791e-49
2.986471600000000137e+01 7.582696162227683625e-49
2.995657500000000084e+01 7.646423055293583860e-49
3.004871800000000093e+01 7.709640405575365367e-49
3.014114299999999957e+01 7.772255246556024672e-49
3.023385299999999987e+01 7.834173931135162148e-49
3.032684799999999825e+01 7.895302901337290860e-49
3.042012899999999931e+01 7.955549121393224470e-49
3.051369700000000051e+01 8.014819805576677265e-49
3.060755299999999934e+01 8.073023398500025306e-49
3.070169699999999935e+01 8.130068773607234250e-49
3.079613099999999903e+01 8.185866766608400000e-49
3.089085599999999943e+01 8.240329742692644392e-49
3.098587200000000053e+01 8.293371517202497762e-49
3.108117999999999981e+01 8.344908551921842202e-49
3.117678099999999830e+01 8.394859888347023144e-49
3.127267700000000161e+01 8.443146708240410702e-49
3.136886700000000161e+01 8.489693725737157943e-49
3.146535300000000035e+01 8.534428565844839212e-49
3.156213599999999886e+01 8.577282239049923591e-49
3.165921700000000172e+01 8.618189617982024478e-49
3.175659599999999827e+01 8.657089170510399961e-49
3.185427500000000123e+01 8.693923428746520490e-49
3.195225399999999993e+01 8.728639457587344297e-49
3.205053500000000355e+01 8.761188198285962519e-49
3.214911800000000142e+01 8.791525109975689976e-49
3.224800400000000167e+01 8.819610622979525288e-49
3.234719400000000178e+01 8.845409459701367777e-49
3.244668899999999923e+01 8.868891071544099407e-49
3.254649100000000317e+01 8.890029694598114837e-49
3.264659900000000192e+01 8.908804586423297057e-49
3.274701499999999754e+01 8.925199878172175352e-49
3.284774099999999919e+01 8.939203661159044285e-49
3.294877600000000228e+01 8.950809900038400974e-49
3.305012099999999720e+01 8.960016559428495732e-49
3.315177899999999767e+01 8.966826367715584024e-49
3.325374899999999911e+01 8.971246439288897052e-49
3.335603299999999649e+01 8.973288457318247056e-49
3.345863099999999690e+01 8.972968470868516599e-49
3.356154500000000240e+01 8.970306495736803270e-49
3.366477600000000336e+01 8.965326488126464035e-49
3.376832399999999978e+01 8.958056501940099535e-49
3.387219000000000335e+01 8.948527893962279542e-49
3.397637600000000191e+01 8.936775660699441114e-49
3.408088300000000004e+01 8.922837824679075366e-49
3.418571099999999774e+01 8.906755762872099559e-49
3.429086099999999959e+01 8.888573775068288308e-49
3.439633500000000055e+01 8.868338085797314947e-49
3.450213300000000061e+01 8.846098295582599093e-49
3.460825700000000182e+01 8.821905437150002174e-49
3.471470699999999709e+01 8.795813045712017560e-49
3.482148500000000269e+01 8.767875970741969973e-49
3.492858999999999980e+01 8.738151066574083988e-49
3.503602599999999967e+01 8.706696195083041982e-49
3.514379199999999770e+01 8.673570541584035999e-49
3.525188899999999848e+01 8.638834182918242300e-49
3.536031899999999695e+01 8.602548216505927935e-49
3.546908200000000022e+01 8.564773776799969332e-49
3.557818000000000325e+01 8.525572726704783612e-49
3.568761299999999892e+01 8.485007234581801227e-49
3.579738300000000351e+01 8.443139357314248765e-49
3.590749100000000027e+01 8.400030996732488411e-49
3.601793700000000342e+01 8.355743857618563001e-49
3.612872399999999828e+01 8.310339407289969462e-49
3.623984999999999701e+01 8.263878654950885222e-49
3.635131899999999661e+01 8.216421391892482802e-49
3.646312999999999960e+01 8.168027434579600946e-49
3.657528599999999841e+01 8.118755144098225547e-49
3.668778600000000267e+01 8.068662308987287973e-49
3.680063299999999771e+01 8.017805580840000313e-49
3.691382600000000025e+01 7.966240635932398925e-49
3.702736800000000272e+01 7.914021445737797184e-49
3.714125899999999803e+01 7.861201514115890154e-49
3.725549999999999784e+01 7.807832440563600970e-49
3.737009299999999712e+01 7.753964979673199470e-49
3.748503800000000297e+01 7.699647974579043690e-49
3.760033599999999865e+01 7.644929412772369175e-49
3.771598999999999791e+01 7.589855544529730245e-49
3.783199900000000326e+01 7.534471236974225416e-49
3.794836500000000257e+01 7.478819803228901293e-49
3.806508800000000292e+01 7.422943353815024253e-49
3.818217099999999675e+01 7.366882111674849621e-49
3.829961399999999827e+01 7.310675112180196461e-49
3.841741799999999785e+01 7.254360036945961630e-49
3.853558499999999754e+01 7.197972882993424380e-49
3.865411499999999734e+01 7.141548147997759744e-49
3.877300900000000183e+01 7.085119012576201248e-49
3.889227000000000345e+01 7.028717184128026740e-49
3.901189699999999760e+01 6.972373079543168132e-49
3.913189200000000056e+01 6.916115671996968744e-49
3.925225600000000270e+01 6.859972673802305263e-49
3.937299000000000149e+01 6.803970220937123576e-49
3.949409599999999898e+01 6.748133552056575970e-49
3.961557400000000229e+01 6.692486035603456429e-49
3.973742599999999925e+01 6.637050665865216424e-49
3.985965300000000155e+01 6.581848277645281425e-49
3.998225500000000210e+01 6.526899360835984144e-49
4.010523500000000041e+01 6.472222934316128051e-49
4.022859299999999649e+01 6.417836570182801150e-49
4.035233099999999951e+01 6.363757375478244531e-49
4.047644900000000234e+01 6.310001202186256381e-49
4.060094800000000248e+01 6.256582510467844237e-49
4.072583099999999945e+01 6.203515496235201000e-49
4.085109800000000035e+01 6.150812994640160363e-49
4.097675000000000267e+01 6.098486817510481186e-49
4.110278900000000135e+01 6.046548238278916186e-49
4.122921500000000350e+01 5.995007690679224936e-49
4.135602999999999696e+01 5.943874321268675711e-49
4.148323599999999800e+01 5.893157089143801797e-49
4.161083200000000204e+01 5.842864003399641165e-49
4.173882100000000150e+01 5.793002293650625491e-49
4.186720400000000097e+01 5.743578576532801336e-49
4.199598199999999792e+01 5.694598716379225126e-49
4.212515499999999946e+01 5.646068290824976427e-49
4.225472599999999801e+01 5.597991697993983430e-49
4.238469599999999815e+01 5.550373372685583232e-49
4.251506499999999988e+01 5.503216894668900472e-49
4.264583499999999816e+01 5.456525449416803746e-49
4.277700800000000214e+01 5.410301394672001204e-49
4.290858399999999762e+01 5.364547156538760372e-49
4.304056500000000085e+01 5.319264498490943774e-49
4.317295099999999763e+01 5.274454535193599336e-49
4.330574500000000171e+01 5.230118180037135679e-49
4.343894699999999887e+01 5.186256149423556071e-49
4.357255899999999826e+01 5.142868536729615725e-49
4.370658199999999738e+01 5.099954968332961383e-49
4.384101799999999827e+01 5.057515324764099404e-49
4.397586600000000345e+01 5.015548460968369886e-49
4.411113000000000284e+01 4.974053497380899513e-49
4.424681000000000353e+01 4.933029112496675385e-49
4.438290599999999841e+01 4.892473552395961510e-49
4.451942199999999872e+01 4.852385197356095536e-49
4.465635699999999986e+01 4.812761865861183731e-49
4.479371400000000136e+01 4.773601241110008934e-49
4.493149300000000324e+01 4.734901011920688917e-49
4.506969600000000042e+01 4.696658599037584513e-49
4.520832399999999751e+01 4.658870888070083917e-49
4.534737799999999908e+01 4.621535192551875578e-49
4.548686000000000007e+01 4.584648298020961218e-49
4.562677200000000255e+01 4.548207012636815916e-49
4.576711300000000193e+01 4.512207898620899449e-49
4.590788599999999775e+01 4.476647545324515932e-49
4.604909200000000169e+01 4.441522169404516266e-49
4.619073300000000160e+01 4.406828286530915926e-49
4.633280899999999747e+01 4.372562177123904105e-49
4.647532199999999847e+01 4.338719759743681614e-49
4.661827300000000207e+01 4.305297123546168673e-49
4.676166500000000070e+01 4.272290394817600473e-49
4.690549699999999689e+01 4.239695476347135966e-49
4.704977199999999726e+01 4.207508181934863490e-49
4.719449000000000183e+01 4.175724367824025633e-49
4.733965400000000301e+01 4.144339803643208941e-49
4.748526400000000081e+01 4.113350431055648841e-49
4.763132099999999980e+01 4.082751722059396417e-49
4.777782899999999700e+01 4.052539452074481458e-49
4.792478599999999744e+01 4.022709441077889505e-49
4.807219599999999815e+01 3.993257300450625022e-49
4.822005999999999659e+01 3.964178563128728937e-49
4.836837799999999987e+01 3.935469061822489416e-49
4.851715200000000294e+01 3.907124173902048852e-49
4.866638400000000075e+01 3.879139826473081198e-49
4.881607499999999789e+01 3.851511493939208967e-49
4.896622599999999892e+01 3.824234948479201555e-49
4.911683899999999880e+01 3.797305638887523442e-49
4.926791599999999960e+01 3.770719433441855175e-49
4.941945700000000130e+01 3.744472000952280996e-49
4.957146399999999886e+01 3.718558814520168595e-49
4.972393900000000144e+01 3.692975884419600293e-49
4.987688200000000194e+01 3.667718780149635627e-49
5.003029699999999735e+01 3.642783362475624839e-49
5.018418299999999732e+01 3.618165297508969278e-49
5.033854199999999679e+01 3.593860419904224743e-49
5.049337599999999782e+01 3.569864610742336229e-49
5.064868700000000246e+01 3.546173677858564319e-49
5.080447499999999650e+01 3.522783594653763924e-49
5.096074200000000332e+01 3.499690260912399340e-49
5.111748999999999654e+01 3.476889740034649298e-49
5.127472000000000207e+01 3.454377786342024839e-49
5.143243400000000065e+01 3.432150553224481289e-49
5.159063299999999685e+01 3.410204119684208633e-49
5.174931899999999985e+01 3.388534608076641267e-49
5.190849200000000252e+01 3.367138183540208890e-49
5.206815499999999730e+01 3.346010822052368590e-49
5.222830900000000298e+01 3.325149005451025043e-49
5.238895600000000030e+01 3.304548793892024579e-49
5.255009700000000095e+01 3.284206634768003402e-49
5.271173399999999987e+01 3.264118671241155737e-49
5.287386800000000164e+01 3.244281430456835603e-49
5.303649999999999665e+01 3.224691363485955633e-49
5.319963299999999862e+01 3.205344733303696363e-49
5.336326799999999793e+01 3.186238182113528656e-49
5.352740500000000168e+01 3.167368162949376267e-49
5.369204799999999977e+01 3.148731279192248456e-49
5.385719699999999932e+01 3.130324170489999872e-49
5.402285400000000237e+01 3.112143512254921212e-49
5.418902099999999677e+01 3.094186015166464307e-49
5.435569900000000132e+01 3.076448313747599417e-49
5.452288899999999927e+01 3.058927299304899658e-49
5.469059399999999727e+01 3.041619785377924342e-49
5.485881400000000241e+01 3.024522618835599986e-49
5.502755200000000002e+01 3.007632679404544311e-49
5.519680900000000179e+01 2.990946988581601513e-49
5.536658700000000266e+01 2.974462380431424467e-49
5.553688600000000264e+01 2.958176048039689342e-49
5.570770999999999873e+01 2.942084996180099547e-49
5.587905899999999804e+01 2.926186368423695519e-49
5.605093500000000262e+01 2.910477229447920865e-49
5.622334000000000032e+01 2.894954781286656615e-49
5.639627500000000282e+01 2.879616361471249226e-49
5.656974199999999797e+01 2.864459120092164259e-49
5.674374199999999746e+01 2.849480449275624697e-49
5.691827800000000082e+01 2.834677554056099580e-49
5.709335000000000093e+01 2.820047985807376389e-49
5.726896099999999734e+01 2.805589002131721450e-49
5.744511299999999920e+01 2.791298204576644194e-49
5.762180599999999941e+01 2.777173007232100072e-49
5.779904200000000003e+01 2.763210954460008643e-49
5.797682400000000058e+01 2.749409509475344272e-49
5.815515200000000107e+01 2.735766473748024937e-49
5.833402900000000102e+01 2.722279356668088931e-49
5.851345599999999791e+01 2.708945795481155567e-49
5.869343500000000091e+01 2.695763553672048997e-49
5.887396799999999786e+01 2.682730415796560921e-49
5.905505600000000044e+01 2.669844083845155646e-49
5.923670099999999650e+01 2.657102384373921418e-49
5.941890500000000230e+01 2.644503061271823943e-49
5.960166900000000112e+01 2.632044187116303671e-49
5.978499500000000211e+01 2.619723545065224692e-49
5.996888500000000022e+01 2.607539142836760872e-49
6.015334099999999751e+01 2.595488802483599831e-49
6.033836399999999855e+01 2.583570670772568614e-49
6.052395599999999831e+01 2.571782708286009159e-49
6.071011899999999883e+01 2.560122995084963566e-49
6.089685500000000218e+01 2.548589628339363807e-49
6.108416499999999871e+01 2.537180722089225030e-49
6.127205099999999760e+01 2.525894407008728937e-49
6.146051599999999837e+01 2.514728930467329221e-49
6.164955900000000355e+01 2.503682455049721228e-49
6.183918500000000051e+01 2.492753159295441030e-49
6.202939299999999889e+01 2.481939337112356042e-49
6.222018700000000280e+01 2.471239297056721403e-49
6.241156699999999802e+01 2.460651461342116103e-49
6.260353599999999830e+01 2.450173968589824189e-49
6.279609599999999858e+01 2.439805368316996037e-49
6.298924800000000346e+01 2.429543926483216167e-49
6.318299400000000077e+01 2.419388120300176593e-49
6.337733599999999967e+01 2.409336439640063742e-49
6.357227499999999765e+01 2.399387190931599901e-49
6.376781499999999880e+01 2.389539085599744397e-49
6.396395499999999856e+01 2.379790552911408631e-49
6.416069899999999393e+01 2.370140034919056183e-49
6.435804899999999407e+01 2.360586277798224703e-49
6.455600499999999897e+01 2.351127746888040713e-49
6.475457000000000107e+01 2.341763113382289262e-49
6.495374599999999532e+01 2.332490962465161110e-49
6.515353399999999340e+01 2.323309986927075884e-49
6.535393700000000194e+01 2.314218793643584052e-49
6.555495700000000170e+01 2.305216192452889166e-49
6.575659400000000687e+01 2.296300810791288836e-49
6.595885199999999315e+01 2.287471478040323555e-49
6.616173200000000065e+01 2.278726841664144155e-49
6.636523699999999337e+01 2.270065845363263485e-49
6.656936699999999973e+01 2.261487155569216033e-49
6.677412499999999795e+01 2.252989543754889246e-49
6.697951199999999972e+01 2.244571980163396043e-49
6.718553199999999492e+01 2.236233253613584260e-49
6.739218499999999779e+01 2.227972350765603923e-49
6.759947400000000073e+01 2.219787983119876017e-49
6.780740000000000123e+01 2.211679153851049419e-49
6.801596600000000592e+01 2.203644873456016097e-49
6.822517299999999807e+01 2.195683972231875771e-49
6.843502399999999852e+01 2.187795476063376225e-49
6.864552100000000223e+01 2.179978324496643837e-49
6.885666500000000667e+01 2.172231464697615999e-49
6.906845800000000679e+01 2.164554037453824286e-49
6.928090299999999502e+01 2.156945096783928613e-49
6.949400099999999725e+01 2.149403517955600367e-49
6.970775500000000591e+01 2.141928461826729165e-49
6.992216600000000426e+01 2.134519002731025010e-49
7.013723600000000147e+01 2.127174313689999634e-49
7.035296900000000164e+01 2.119893297205401230e-49
7.056936399999999310e+01 2.112675231039409361e-49
7.078642600000000584e+01 2.105519306139844362e-49
7.100415499999999724e+01 2.098424444124969014e-49
7.122255300000000489e+01 2.091390031231524195e-49
7.144162400000000446e+01 2.084415183916816022e-49
7.166136799999999596e+01 2.077499024568100002e-49
7.188178800000000024e+01 2.070640772438436369e-49
7.210288599999999803e+01 2.063839742827009126e-49
7.232466499999999598e+01 2.057095074144100278e-49
7.254712499999999409e+01 2.050406091588100308e-49
7.277026999999999646e+01 2.043771853529025205e-49
7.299410100000000057e+01 2.037191875808643938e-49
7.321862000000000137e+01 2.030665316913216033e-49
7.344383000000000550e+01 2.024191520712255814e-49
7.366973299999999369e+01 2.017769655607280974e-49
7.389633100000000354e+01 2.011399164390625149e-49
7.412362500000000409e+01 2.005079314284544190e-49
7.435161899999999946e+01 1.998809555970303851e-49
7.458031400000000133e+01 1.992589075757476146e-49
7.480971300000000213e+01 1.986417332454563510e-49
7.503981699999999933e+01 1.980293610240100038e-49
7.527062800000000209e+01 1.974217375451556225e-49
7.550215000000000032e+01 1.968188008990224720e-49
7.573438400000000570e+01 1.962204895555523859e-49
7.596733199999999897e+01 1.956267335143521035e-49
7.620099700000000098e+01 1.950374985302499466e-49
7.643537999999999499e+01 1.944527064691263968e-49
7.667048499999999933e+01 1.938723060850488616e-49
7.690631199999999978e+01 1.932962464389961214e-49
7.714286500000000046e+01 1.927244681156024589e-49
7.738014599999999632e+01 1.921569208189848763e-49
7.761815599999999904e+01 1.915935457959999943e-49
7.785689800000000105e+01 1.910343021215841218e-49
7.809637499999999477e+01 1.904791316527225072e-49
7.833658900000000358e+01 1.899279853009983846e-49
7.857754099999999653e+01 1.893808229660648612e-49
7.881923399999999447e+01 1.888375787058916004e-49
7.906167100000000403e+01 1.882982129928963796e-49
7.930485299999999427e+01 1.877626778591280701e-49
7.954878399999999772e+01 1.872309342636099838e-49
7.979346499999999764e+01 1.867029261029956036e-49
8.003889800000000321e+01 1.861786148496400010e-49
8.028508600000000683e+01 1.856579535745935759e-49
8.053203200000000095e+01 1.851409042168008854e-49
8.077973699999999724e+01 1.846274203333848589e-49
8.102820400000000234e+01 1.841174557388099720e-49
8.127743499999999699e+01 1.836109816421904131e-49
8.152743300000000204e+01 1.831079437360995999e-49
8.177819999999999823e+01 1.826083136497635547e-49
8.202973799999999471e+01 1.821120375620568781e-49
8.228204999999999814e+01 1.816190960371264177e-49
8.253513800000000344e+01 1.811294356964415677e-49
8.278900400000000559e+01 1.806430289498641404e-49
8.304365099999999700e+01 1.801598313767121255e-49
8.329908199999999852e+01 1.796798072709024775e-49
8.355529799999999341e+01 1.792029295822689258e-49
8.381230200000000252e+01 1.787291544929640861e-49
8.407009700000000407e+01 1.782584553042225301e-49
8.432868399999999554e+01 1.777907885910024933e-49
8.458806699999999523e+01 1.773261279991880790e-49
8.484824799999999811e+01 1.768644389004516130e-49
8.510922999999999661e+01 1.764056952459683995e-49
8.537101300000000492e+01 1.759498543426128711e-49
8.563360299999999370e+01 1.754968904737800893e-49
8.589699899999999388e+01 1.750467696865281197e-49
8.616120600000000707e+01 1.745994665580200875e-49
8.642622599999999977e+01 1.741549474479376228e-49
8.669206099999999537e+01 1.737131872219395574e-49
8.695871300000000303e+01 1.732741525468944175e-49
8.722618599999999844e+01 1.728378185717823788e-49
8.749448099999999329e+01 1.724041522653241395e-49
8.776360200000000589e+01 1.719731373486736046e-49
8.803355000000000530e+01 1.715447327725680573e-49
8.830432899999999563e+01 1.711189225109529008e-49
8.857594000000000278e+01 1.706956823531555763e-49
8.884838700000000244e+01 1.702749717014544100e-49
8.912167200000000378e+01 1.698567748851856090e-49
8.939579799999999921e+01 1.694410763094841106e-49
8.967076699999999789e+01 1.690278275644036187e-49
8.994658099999999479e+01 1.686170297504016028e-49
9.022324399999999400e+01 1.682086429483008863e-49
9.050075800000000470e+01 1.678026520093283798e-49
9.077912600000000509e+01 1.673990336738328956e-49
9.105834900000000687e+01 1.669977566198880969e-49
9.133843199999999740e+01 1.665988060011288801e-49
9.161937600000000259e+01 1.662021588874201230e-49
9.190118400000000065e+01 1.658078006006016078e-49
9.218385899999999822e+01 1.654156921283584101e-49
9.246740400000000193e+01 1.650258271403640936e-49
9.275181999999999505e+01 1.646381831048160891e-49
9.303711199999999337e+01 1.642527375947236002e-49
9.332327999999999690e+01 1.638694763832024876e-49
9.361033000000000470e+01 1.634883691353025249e-49
9.389826200000000256e+01 1.631094018108024941e-49
9.418707899999999711e+01 1.627325523655128973e-49
9.447678600000000415e+01 1.623578069147903863e-49
9.476738299999999526e+01 1.619851516369641102e-49
9.505887400000000298e+01 1.616145566923969079e-49
9.535126099999999383e+01 1.612460164702500002e-49
9.564454800000000034e+01 1.608795013185368952e-49
9.593873700000000326e+01 1.605149977448328865e-49
9.623383099999999502e+01 1.601524923169249095e-49
9.652983299999999645e+01 1.597919716624143802e-49
9.682674500000000251e+01 1.594334144824996063e-49
9.712457000000000562e+01 1.590767995731488968e-49
9.742331199999999569e+01 1.587221217603024970e-49
9.772297199999999862e+01 1.583693520148609013e-49
9.802355400000000429e+01 1.580184852868520924e-49
9.832505999999999347e+01 1.576695086064400109e-49
9.862749399999999866e+01 1.573224011276543979e-49
9.893085800000000063e+01 1.569771420956280925e-49
9.923515600000000347e+01 1.566337345920400218e-49
9.954038900000000467e+01 1.562921500575204071e-49
9.984656099999999412e+01 1.559523758529636046e-49
1.001536700000000053e+02 1.556143993936080921e-49
1.004617300000000029e+02 1.552782081486736245e-49
1.007707400000000035e+02 1.549437896410000225e-49
1.010806999999999931e+02 1.546111314466883920e-49
1.013916100000000000e+02 1.542802211947441097e-49
1.017034699999999958e+02 1.539510465667215940e-49
1.020163000000000011e+02 1.536235874574025226e-49
1.023300799999999953e+02 1.532978316773289162e-49
1.026448400000000021e+02 1.529737827330768844e-49
1.029605600000000010e+02 1.526514050455641127e-49
1.032772499999999951e+02 1.523307100207489082e-49
1.035949200000000019e+02 1.520116700278275927e-49
1.039135600000000039e+02 1.516942809202500049e-49
1.042331800000000044e+02 1.513785307871236163e-49
1.045537900000000064e+02 1.510644077670025100e-49
1.048753800000000069e+02 1.507519000475523965e-49
1.051979599999999948e+02 1.504409958652176035e-49
1.055215400000000017e+02 1.501316835048900042e-49
1.058461099999999959e+02 1.498239590410000049e-49
1.061716799999999949e+02 1.495178108306089080e-49
1.064982399999999956e+02 1.492132195528128784e-49
1.068258199999999931e+02 1.489101891187688899e-49
1.071543999999999954e+02 1.486087002940400889e-49
1.074839900000000057e+02 1.483087493265624787e-49
1.078145999999999987e+02 1.480103170907881095e-49
1.081462199999999996e+02 1.477133999117000780e-49
1.084788599999999974e+02 1.474179941292600935e-49
1.088125299999999953e+02 1.471240807557049013e-49
1.091472200000000043e+02 1.468316638704400029e-49
1.094829399999999993e+02 1.465407169125769049e-49
1.098196899999999943e+02 1.462512516696099853e-49
1.101574800000000067e+02 1.459632416778495853e-49
1.104963099999999940e+02 1.456766911123455972e-49
1.108361799999999988e+02 1.453915812541503961e-49
1.111770999999999958e+02 1.451079086953024011e-49
1.115190599999999961e+02 1.448256700417023828e-49
1.118620800000000060e+02 1.445448543093025187e-49
1.122061499999999938e+02 1.442654505573263831e-49
1.125512800000000055e+02 1.439874478879684131e-49
1.128974699999999984e+02 1.437108506097795747e-49
1.132447300000000041e+02 1.434356478664201009e-49
1.135930599999999941e+02 1.431618288439824034e-49
1.139424499999999938e+02 1.428893827706944125e-49
1.142929199999999952e+02 1.426183064695921035e-49
1.146444699999999983e+02 1.423485967766769086e-49
1.149971000000000032e+02 1.420802505409155842e-49
1.153508199999999988e+02 1.418132420293801212e-49
1.157056199999999961e+02 1.415475832296099984e-49
1.160615099999999984e+02 1.412832635327555908e-49
1.164184999999999945e+02 1.410202723707555791e-49
1.167765899999999988e+02 1.407586067196100015e-49
1.171357799999999969e+02 1.404982560711409002e-49
1.174960700000000031e+02 1.402392174469728830e-49
1.178574700000000064e+02 1.399814878810000086e-49
1.182199800000000067e+02 1.397250494674596151e-49
1.185836099999999931e+02 1.394699142440241140e-49
1.189483599999999939e+02 1.392160643565560991e-49
1.193142299999999949e+02 1.389635043840481113e-49
1.196812199999999962e+02 1.387122090951744059e-49
1.200493400000000008e+02 1.384621980039080950e-49
1.204185999999999979e+02 1.382134459430760975e-49
1.207889899999999983e+02 1.379659575525361001e-49
1.211605200000000053e+02 1.377197226129663982e-49
1.215331900000000047e+02 1.374747457742569167e-49
1.219070099999999996e+02 1.372310094447615844e-49
1.222819800000000043e+02 1.369885109017681188e-49
1.226581000000000046e+02 1.367472548298608946e-49
1.230353800000000035e+02 1.365072237309455792e-49
1.234138200000000012e+02 1.362684223189808960e-49
1.237934199999999976e+02 1.360308479169599967e-49
1.241741899999999958e+02 1.357944831191808979e-49
1.245561299999999960e+02 1.355593400371455882e-49
1.249392500000000013e+02 1.353254013133201177e-49
1.253235499999999973e+02 1.350926643542116122e-49
1.257090199999999953e+02 1.348611339221135899e-49
1.260956900000000047e+02 1.346307927500761137e-49
1.264835400000000050e+02 1.344016456288900021e-49
1.268725900000000024e+02 1.341736826835075896e-49
1.272628299999999939e+02 1.339469087142563781e-49
1.276542699999999968e+02 1.337213138805625128e-49
1.280469200000000001e+02 1.334968956849529082e-49
1.284407699999999863e+02 1.332736443395569020e-49
1.288358399999999904e+02 1.330515719775225036e-49
1.292321200000000090e+02 1.328306542483599895e-49
1.296296199999999885e+02 1.326109033008399899e-49
1.300283399999999858e+02 1.323923094148516062e-49
1.304282900000000041e+02 1.321748701763043845e-49
1.308294699999999864e+02 1.319585759166608931e-49
1.312318799999999896e+02 1.317434387797440966e-49
1.316355299999999886e+02 1.315294418592143854e-49
1.320404200000000117e+02 1.313165828016900025e-49
1.324465600000000052e+02 1.311048665060835994e-49
1.328539499999999975e+02 1.308942833869225022e-49
1.332625899999999888e+02 1.306848311227448937e-49
1.336724800000000073e+02 1.304765074027023995e-49
1.340836400000000026e+02 1.302693099265600123e-49
1.344960599999999999e+02 1.300632364046961107e-49
1.349097500000000025e+02 1.298582845581024973e-49
1.353247200000000134e+02 1.296544521183843987e-49
1.357409600000000012e+02 1.294517296318800796e-49
1.361584799999999973e+02 1.292501220585129044e-49
1.365772800000000018e+02 1.290496199769529002e-49
1.369973699999999894e+02 1.288502283569795839e-49
1.374187599999999918e+02 1.286519449831056054e-49
1.378414400000000057e+02 1.284547604823396038e-49
1.382654200000000060e+02 1.282586726768400151e-49
1.386906999999999925e+02 1.280636865564169143e-49
1.391173000000000002e+02 1.278697927960996031e-49
1.395451999999999941e+02 1.276769892494889059e-49
1.399744200000000092e+02 1.274852809216560984e-49
1.404049599999999884e+02 1.272946585354129007e-49
1.408368299999999920e+02 1.271051271061636083e-49
1.412700199999999882e+02 1.269166773884688846e-49
1.417045500000000118e+02 1.267293072883599963e-49
1.421404100000000028e+02 1.265430147223225073e-49
1.425776199999999960e+02 1.263578047266649204e-49
1.430161699999999882e+02 1.261736752232356113e-49
1.434560600000000079e+02 1.259906170454648975e-49
1.438973100000000045e+02 1.258086281518143927e-49
1.443399200000000064e+02 1.256277135999999774e-49
1.447838900000000137e+02 1.254478642704399887e-49
1.452292199999999980e+02 1.252690852317128947e-49
1.456759299999999939e+02 1.250913744691080987e-49
1.461240099999999984e+02 1.249147299785284089e-49
1.465734600000000114e+02 1.247391427028040980e-49
1.470243000000000109e+02 1.245646177326368829e-49
1.474765299999999968e+02 1.243911601495161084e-49
1.479301499999999976e+02 1.242187538791760913e-49
1.483851600000000133e+02 1.240474040292496205e-49
1.488415699999999902e+02 1.238771156984760880e-49
1.492993899999999883e+02 1.237078799081160986e-49
1.497586100000000044e+02 1.235396947389795863e-49
1.502192499999999882e+02 1.233725653073761051e-49
1.506812999999999931e+02 1.232064826809960915e-49
1.511447699999999941e+02 1.230414519880224903e-49
1.516096699999999942e+02 1.228774713377688978e-49
1.520759999999999934e+02 1.227145318441955823e-49
1.525437699999999950e+02 1.225526456550400181e-49
1.530129699999999957e+02 1.223918039011600071e-49
1.534836200000000019e+02 1.222320047349636216e-49
1.539557100000000105e+02 1.220732533074289040e-49
1.544292599999999993e+02 1.219155407956836019e-49
1.549042599999999936e+02 1.217588723633295836e-49
1.553807199999999966e+02 1.216032461925649099e-49
1.558586500000000115e+02 1.214486604765224908e-49
1.563380500000000097e+02 1.212951134192704080e-49
1.568189199999999914e+02 1.211426032358115919e-49
1.573012799999999913e+02 1.209911351088400223e-49
1.577851100000000031e+02 1.208407003098201079e-49
1.582704400000000078e+02 1.206913109829025054e-49
1.587572499999999991e+02 1.205429514735616139e-49
1.592455699999999865e+02 1.203956269913328951e-49
1.597353899999999953e+02 1.202493427398168910e-49
1.602267099999999971e+02 1.201040900545368768e-49
1.607195399999999950e+02 1.199598741530176000e-49
1.612138899999999921e+02 1.198166933244303895e-49
1.617097599999999886e+02 1.196745458692080898e-49
1.622071599999999876e+02 1.195334300990449088e-49
1.627060899999999890e+02 1.193933512475648923e-49
1.632065499999999929e+02 1.192543007302656079e-49
1.637085500000000025e+02 1.191162837953529129e-49
1.642120899999999892e+02 1.189793056864129004e-49
1.647171899999999880e+02 1.188433509584895995e-49
1.652238299999999924e+02 1.187084386636280870e-49
1.657320400000000120e+02 1.185745533838335943e-49
1.662418099999999868e+02 1.184417003929600012e-49
1.667531400000000019e+02 1.183098780817208957e-49
1.672660500000000070e+02 1.181790917278595991e-49
1.677805400000000020e+02 1.180493328622863986e-49
1.682966099999999869e+02 1.179206136464040867e-49
1.688142599999999902e+02 1.177929256308675977e-49
1.693335099999999898e+02 1.176662672535289105e-49
1.698543600000000140e+02 1.175406369640000181e-49
1.703768100000000061e+02 1.174160469300624938e-49
1.709008599999999944e+02 1.172924887536081016e-49
1.714265300000000138e+02 1.171699609089603850e-49
1.719538100000000043e+02 1.170484687248409119e-49
1.724827200000000005e+02 1.169280175278121103e-49
1.730132499999999993e+02 1.168085921361983879e-49
1.735454100000000039e+02 1.166902047362704037e-49
1.740792099999999891e+02 1.165728538416289015e-49
1.746146599999999864e+02 1.164565311529984013e-49
1.751517499999999927e+02 1.163412556839555926e-49
1.756904900000000112e+02 1.162270055094724146e-49
1.762308899999999880e+02 1.161137996475624936e-49
1.767729500000000087e+02 1.160016298416144104e-49
1.773166799999999910e+02 1.158905014777635819e-49
1.778620799999999917e+02 1.157804131363440828e-49
1.784091600000000142e+02 1.156713566082063987e-49
1.789579200000000014e+02 1.155633509052099838e-49
1.795083700000000135e+02 1.154563742392383929e-49
1.800605099999999936e+02 1.153504524211523994e-49
1.806143500000000017e+02 1.152455636978569021e-49
1.811698900000000094e+02 1.151417202986521052e-49
1.817271499999999946e+02 1.150389208742544087e-49
1.822861100000000079e+02 1.149371708688225043e-49
1.828468000000000018e+02 1.148364621725840901e-49
1.834092100000000016e+02 1.147368070243683815e-49
1.839733500000000106e+02 1.146381905660643906e-49
1.845392300000000034e+02 1.145406318197904120e-49
1.851068400000000054e+02 1.144441159568099967e-49
1.856762099999999975e+02 1.143486552368483822e-49
1.862473200000000020e+02 1.142542416295224804e-49
1.868201899999999966e+02 1.141608874016209019e-49
1.873948200000000099e+02 1.140685845469680840e-49
1.879712199999999882e+02 1.139773385880899806e-49
1.885493899999999883e+02 1.138871483008900123e-49
1.891293499999999881e+02 1.137980192217444060e-49
1.897110800000000097e+02 1.137099434019024820e-49
1.902946000000000026e+02 1.136229331416001146e-49
1.908799199999999985e+02 1.135369872562499966e-49
1.914670399999999972e+02 1.134520978387801158e-49
1.920559700000000021e+02 1.133682772082436183e-49
1.926467100000000130e+02 1.132855174831396189e-49
1.932392600000000016e+02 1.132038309933728935e-49
1.938336400000000026e+02 1.131232098834435864e-49
1.944298400000000129e+02 1.130436597705155882e-49
1.950278800000000103e+02 1.129651862766436148e-49
1.956277599999999950e+02 1.128877815895728859e-49
1.962294799999999952e+02 1.128114513557056076e-49
1.968330499999999859e+02 1.127362012268944037e-49
1.974384900000000016e+02 1.126620234346895992e-49
1.980457800000000077e+02 1.125889303667076188e-49
1.986549400000000105e+02 1.125169209905763787e-49
1.992659700000000100e+02 1.124459942889023884e-49
1.998788900000000126e+02 1.123761492592703904e-49
2.004936899999999866e+02 1.123073916167025007e-49
2.011103799999999922e+02 1.122397270831204102e-49
2.017289600000000007e+02 1.121731479907599936e-49
2.023494499999999903e+02 1.121076667845288988e-49
2.029718499999999892e+02 1.120432758253956010e-49
2.035961599999999976e+02 1.119799875754921003e-49
2.042223999999999933e+02 1.119177944249688977e-49
2.048505600000000015e+02 1.118567021650225033e-49
2.054806499999999971e+02 1.117967099080224942e-49
2.061126800000000117e+02 1.117378234675263982e-49
2.067466499999999883e+02 1.116800486659224881e-49
2.073825699999999870e+02 1.116233779707224910e-49
2.080204500000000110e+02 1.115678239132900026e-49
2.086602900000000034e+02 1.115133789917160862e-49
2.093020999999999958e+02 1.114600490810689054e-49
2.099458899999999915e+02 1.114078400662969137e-49
2.105916499999999871e+02 1.113567444944964133e-49
2.112393999999999892e+02 1.113067816254240943e-49
2.118891399999999976e+02 1.112579373622499999e-49
2.125408799999999871e+02 1.112102176454415920e-49
2.131946299999999894e+02 1.111636350946521034e-49
2.138503900000000044e+02 1.111181823347235949e-49
2.145081600000000037e+02 1.110738653440515986e-49
2.151679599999999937e+02 1.110306834485288962e-49
2.158297799999999995e+02 1.109886426541764181e-49
2.164936399999999992e+02 1.109477423174761009e-49
2.171595499999999959e+02 1.109079884728200932e-49
2.178274999999999864e+02 1.108693805078915896e-49
2.184975000000000023e+02 1.108319244862041067e-49
2.191695699999999931e+02 1.107956198272576001e-49
2.198437099999999873e+02 1.107604726244416051e-49
2.205199100000000101e+02 1.107264889848100069e-49
2.211982000000000141e+02 1.106936617211648822e-49
2.218785799999999995e+02 1.106619969746403924e-49
2.225610399999999913e+02 1.106315075529225031e-49
2.232456099999999992e+02 1.106021796692835969e-49
2.239322799999999916e+02 1.105740261644928809e-49
2.246210700000000031e+02 1.105470532412688951e-49
2.253119700000000023e+02 1.105212604688643895e-49
2.260049999999999955e+02 1.104966474353296165e-49
2.267001600000000110e+02 1.104732137475121020e-49
2.273974499999999921e+02 1.104509789715556015e-49
2.280968900000000019e+02 1.104299294538000986e-49
2.287984899999999868e+02 1.104100781472144099e-49
2.295022400000000005e+02 1.103914180841616112e-49
2.302081599999999924e+02 1.103739688966084108e-49
2.309162399999999877e+02 1.103577170097423974e-49
2.316265099999999961e+02 1.103426754465423920e-49
2.323389599999999859e+02 1.103288439597795899e-49
2.330535999999999888e+02 1.103162289648768947e-49
2.337704400000000078e+02 1.103048368957583932e-49
2.344894899999999893e+02 1.102946609209599835e-49
2.352107399999999870e+02 1.102857075141263962e-49
2.359342200000000105e+02 1.102779898096899761e-49
2.366599199999999996e+02 1.102715010365408867e-49
2.373878499999999860e+02 1.102662477275043958e-49
2.381180200000000013e+02 1.102622364354564028e-49
2.388504399999999919e+02 1.102594670926280853e-49
2.395851099999999860e+02 1.102579396522321222e-49
2.403220399999999870e+02 1.102576673704900228e-49
2.410612299999999948e+02 1.102586502427523962e-49
2.418026999999999873e+02 1.102608949269136143e-49
2.425464599999999962e+02 1.102644014615056087e-49
2.432924899999999866e+02 1.102691699067204035e-49
2.440408299999999997e+02 1.102752069859520942e-49
2.447914600000000007e+02 1.102825260868969095e-49
2.455444099999999992e+02 1.102911140531235910e-49
2.462996699999999919e+02 1.103009909597649129e-49
2.470572500000000105e+02 1.103121503372528959e-49
2.478171600000000012e+02 1.103246056661903976e-49
2.485794099999999958e+02 1.103383505225088949e-49
2.493440099999999973e+02 1.103533984348324015e-49
2.501109500000000025e+02 1.103697496695249054e-49
2.508802599999999927e+02 1.103874045160000117e-49
2.516519299999999930e+02 1.104063765777025161e-49
2.524259800000000098e+02 1.104266595477049033e-49
2.532024000000000115e+02 1.104482670802563899e-49
2.539812200000000075e+02 1.104711995635264037e-49
2.547624299999999948e+02 1.104954574094448848e-49
2.555460400000000050e+02 1.105210543515848766e-49
2.563320600000000127e+02 1.105479908542563967e-49
2.571204999999999927e+02 1.105762674060099950e-49
2.579113699999999767e+02 1.106058911711295937e-49
2.587046700000000214e+02 1.106368693418641124e-49
2.595004099999999880e+02 1.106692091388323789e-49
2.602985899999999901e+02 1.107029045026115860e-49
2.610992400000000089e+02 1.107379760163855926e-49
2.619023399999999810e+02 1.107744110184100108e-49
2.627079200000000014e+02 1.108122301517840796e-49
2.635159699999999816e+02 1.108514274632164019e-49
2.643265000000000100e+02 1.108920103404303828e-49
2.651395400000000109e+02 1.109339862016515838e-49
2.659550699999999779e+02 1.109773624960225084e-49
2.667731099999999742e+02 1.110221400400224927e-49
2.675936599999999999e+02 1.110683196763396085e-49
2.684167400000000043e+02 1.111159156074916086e-49
2.692423600000000192e+02 1.111649287374025125e-49
2.700705100000000130e+02 1.112153666665024061e-49
2.709012099999999919e+02 1.112672370281535993e-49
2.717344600000000128e+02 1.113205341431823838e-49
2.725702800000000252e+02 1.113752723768356082e-49
2.734086599999999976e+02 1.114314594585200977e-49
2.742496300000000247e+02 1.114890964740288796e-49
2.750931800000000180e+02 1.115481845368899967e-49
2.759393299999999840e+02 1.116087381515236053e-49
2.767880799999999795e+02 1.116707584980625088e-49
2.776394399999999791e+02 1.117342534702275905e-49
2.784934200000000146e+02 1.117992309977663922e-49
2.793500300000000038e+02 1.118656856683584056e-49
2.802092700000000036e+02 1.119336321642255773e-49
2.810711499999999887e+02 1.120030785193320970e-49
2.819356900000000223e+02 1.120740261096680956e-49
2.828028800000000160e+02 1.121464830381840881e-49
2.836727399999999761e+02 1.122204507461040911e-49
2.845452799999999911e+02 1.122959441084569087e-49
2.854205000000000041e+02 1.123729579349776123e-49
2.862984099999999899e+02 1.124515138831680933e-49
2.871790300000000116e+02 1.125316001232899967e-49
2.880623499999999808e+02 1.126132383946816061e-49
2.889483900000000176e+02 1.126964236402944084e-49
2.898371500000000083e+02 1.127811709736464058e-49
2.907286500000000160e+02 1.128674821211536048e-49
2.916228899999999840e+02 1.129553655621889052e-49
2.925198800000000006e+02 1.130448230935321035e-49
2.934196299999999837e+02 1.131358699976975816e-49
2.943221500000000219e+02 1.132285081509136207e-49
2.952274400000000014e+02 1.133227394614248789e-49
2.961355199999999854e+02 1.134185793405624959e-49
2.970463899999999740e+02 1.135160297779600150e-49
2.979600599999999986e+02 1.136150995371920898e-49
2.988765399999999772e+02 1.137157906819983899e-49
2.997958399999999983e+02 1.138181188037481085e-49
3.007179699999999798e+02 1.139220860503716195e-49
3.016429400000000101e+02 1.140277013568143986e-49
3.025707499999999754e+02 1.141349669473689030e-49
3.035014199999999960e+02 1.142438918400256156e-49
3.044349399999999832e+02 1.143544918628280970e-49
3.053713399999999751e+02 1.144667626045969052e-49
3.063106199999999717e+02 1.145807132151529086e-49
3.072527900000000045e+02 1.146963596656200980e-49
3.081978500000000167e+02 1.148137044357240958e-49
3.091458299999999895e+02 1.149327500403288917e-49
3.100967200000000048e+02 1.150535125972521222e-49
3.110505299999999806e+02 1.151759947132920981e-49
3.120072799999999802e+02 1.153002058221455914e-49
3.129669700000000034e+02 1.154261554080625050e-49
3.139296100000000251e+02 1.155538462076944055e-49
3.148952100000000200e+02 1.156832945989009205e-49
3.158637800000000198e+02 1.158144966077840997e-49
3.168353399999999738e+02 1.159474687123599895e-49
3.178098800000000210e+02 1.160822206447281176e-49
3.187874100000000226e+02 1.162187553720383869e-49
3.197679600000000164e+02 1.163570827211715879e-49
3.207515200000000277e+02 1.164972125729343910e-49
3.217381100000000060e+02 1.166391548625624977e-49
3.227277300000000082e+02 1.167829127455224804e-49
3.237203900000000090e+02 1.169284962546481065e-49
3.247161100000000147e+02 1.170759223216880995e-49
3.257148900000000253e+02 1.172251874090895857e-49
3.267167400000000157e+02 1.173763017050625168e-49
3.277216799999999921e+02 1.175292823111935877e-49
3.287296999999999798e+02 1.176841395434883925e-49
3.297408300000000168e+02 1.178408700449764163e-49
3.307550600000000145e+02 1.179994910910915821e-49
3.317724200000000110e+02 1.181600131596921011e-49
3.327928999999999746e+02 1.183224399084840767e-49
3.338165300000000002e+02 1.184867819204281143e-49
3.348432999999999993e+02 1.186530567278809099e-49
3.358732299999999782e+02 1.188212612611600089e-49
3.369063300000000254e+02 1.189914200687689052e-49
3.379426100000000019e+02 1.191635301845041003e-49
3.389820700000000215e+02 1.193376024825624790e-49
3.400247299999999768e+02 1.195136548138008997e-49
3.410706000000000131e+02 1.196916912741169178e-49
3.421196800000000167e+02 1.198717229270016180e-49
3.431719899999999939e+02 1.200537678298175920e-49
3.442275399999999763e+02 1.202378233206276094e-49
3.452863399999999956e+02 1.204239075813904109e-49
3.463483899999999949e+02 1.206120319353049232e-49
3.474137099999999805e+02 1.208022008205321112e-49
3.484823000000000093e+02 1.209944326336516078e-49
3.495541799999999739e+02 1.211887319357584037e-49
3.506293600000000197e+02 1.213851172694689121e-49
3.517078500000000076e+02 1.215836002945599791e-49
3.527896499999999946e+02 1.217841857603280835e-49
3.538747799999999870e+02 1.219868924330884073e-49
3.549632500000000164e+02 1.221917251900488801e-49
3.560550700000000006e+02 1.223987029496676081e-49
3.571502399999999966e+02 1.226078377221603976e-49
3.582487899999999854e+02 1.228191415895844126e-49
3.593507099999999923e+02 1.230326196912036023e-49
3.604560200000000236e+02 1.232483053000643937e-49
3.615647299999999973e+02 1.234661896715535851e-49
3.626768500000000017e+02 1.236863062636095824e-49
3.637923999999999864e+02 1.239086534836921098e-49
3.649113699999999767e+02 1.241332649967601178e-49
3.660337900000000104e+02 1.243601393561288976e-49
3.671596499999999992e+02 1.245893033784100076e-49
3.682889799999999809e+02 1.248207698780289116e-49
3.694217899999999872e+02 1.250545588206916130e-49
3.705580800000000181e+02 1.252906902780625159e-49
3.716978599999999915e+02 1.255291773429408952e-49
3.728411500000000274e+02 1.257700544677476081e-49
3.739879599999999868e+02 1.260133349699448974e-49
3.751382899999999836e+02 1.262590393570704093e-49
3.762921600000000240e+02 1.265072024758201169e-49
3.774495900000000006e+02 1.267578451012624128e-49
3.786105699999999956e+02 1.270110023791608861e-49
3.797751200000000154e+02 1.272667024942680947e-49
3.809432499999999777e+02 1.275249809209600000e-49
3.821149800000000027e+02 1.277858876111104114e-49
3.832903099999999768e+02 1.280494584432001038e-49
3.844692600000000198e+02 1.283157509731343944e-49
3.856518300000000181e+02 1.285848158625625119e-49
3.868380399999999781e+02 1.288567255631161046e-49
3.880278999999999883e+02 1.291315528744641050e-49
3.892214200000000233e+02 1.294093853402255906e-49
3.904186100000000010e+02 1.296903397377024997e-49
3.916194800000000100e+02 1.299745261920399816e-49
3.928240499999999997e+02 1.302621131136649009e-49
3.940323200000000270e+02 1.305532697208335851e-49
3.952443099999999845e+02 1.308482384048401136e-49
3.964600199999999859e+02 1.311472989490225103e-49
3.976794800000000123e+02 1.314508122773316056e-49
3.989026799999999753e+02 1.317592572600963894e-49
4.001296500000000265e+02 1.320732387301923863e-49
4.013603899999999953e+02 1.323935756421183880e-49
4.025949200000000019e+02 1.327213899316808988e-49
4.038332399999999893e+02 1.330582107351025054e-49
4.050753799999999956e+02 1.334062476032399904e-49
4.063213299999999890e+02 1.337687320550464222e-49
4.075711200000000076e+02 1.341505776471183901e-49
4.088247499999999945e+02 1.345595461804880910e-49
4.100822400000000130e+02 1.350084792250000235e-49
4.113435900000000061e+02 1.355200061293764083e-49
4.126088300000000118e+02 1.361370234356000916e-49
4.138779499999999985e+02 1.369492884355600146e-49
4.151509800000000041e+02 1.381719743163081085e-49
4.164279300000000035e+02 1.404357112411008890e-49
4.177087999999999965e+02 1.463228586213240892e-49
4.189936099999999897e+02 1.774914065613441129e-49
4.202823799999999892e+02 3.596304828701600709e-47
4.215751099999999951e+02 1.721488310235684251e-49
4.228718099999999822e+02 1.465081265904399996e-49
4.241725099999999884e+02 1.419169186547044174e-49
4.254771999999999821e+02 1.405301260073104127e-49
4.267859100000000012e+02 1.400796871782840849e-49
4.280986399999999890e+02 1.400003452224400195e-49
4.294154100000000085e+02 1.400976528203641051e-49
4.307362299999999777e+02 1.402903018890408950e-49
4.320611099999999851e+02 1.405394830051216208e-49
4.333900699999999802e+02 1.408247658943876047e-49
4.347231199999999944e+02 1.411346058508995970e-49
4.360602700000000027e+02 1.414620644542248935e-49
4.374015299999999797e+02 1.418027883337520856e-49
4.387469100000000140e+02 1.421539358736248987e-49
4.400964299999999980e+02 1.425135886944783879e-49
4.414501099999999951e+02 1.428804165824675930e-49
4.428079500000000053e+02 1.432534765043280918e-49
4.441699600000000032e+02 1.436320936380625084e-49
4.455361599999999953e+02 1.440157643449280934e-49
4.469065699999999879e+02 1.444041192293764106e-49
4.482811899999999810e+02 1.447968631065489076e-49
4.496600399999999809e+02 1.451937983324415823e-49
4.510431300000000192e+02 1.455947567648161127e-49
4.524304700000000139e+02 1.459996075911024772e-49
4.538220900000000029e+02 1.464082575742223973e-49
4.552179800000000114e+02 1.468206283152400111e-49
4.566181599999999889e+02 1.472366640244900011e-49
4.580226599999999735e+02 1.476563239905624827e-49
4.594314699999999903e+02 1.480795595945448972e-49
4.608446200000000204e+02 1.485063604929529016e-49
4.622621100000000069e+02 1.489367085797760977e-49
4.636839600000000132e+02 1.493705856577080967e-49
4.651101899999999887e+02 1.498079811761296083e-49
4.665407999999999902e+02 1.502489077898116081e-49
4.679758100000000240e+02 1.506933471816080780e-49
4.694152399999999830e+02 1.511413120348608847e-49
4.708591000000000122e+02 1.515928073276240777e-49
4.723073899999999981e+02 1.520478380729344036e-49
4.737601399999999785e+02 1.525064093180761022e-49
4.752173599999999851e+02 1.529685417883249169e-49
4.766790599999999927e+02 1.534342406686489207e-49
4.781452600000000075e+02 1.539035111769443848e-49
4.796159700000000043e+02 1.543763821377600100e-49
4.810912000000000148e+02 1.548528589417103866e-49
4.825709600000000137e+02 1.553329548939204131e-49
4.840552799999999820e+02 1.558166912746128867e-49
4.855441700000000083e+02 1.563040736796099729e-49
4.870376299999999787e+02 1.567951394137956101e-49
4.885356899999999882e+02 1.572898863524520807e-49
4.900383600000000115e+02 1.577883441301560950e-49
4.915456500000000233e+02 1.582905266490564033e-49
4.930575699999999983e+02 1.587964478929984112e-49
4.945741499999999746e+02 1.593061378927928804e-49
4.960953900000000090e+02 1.598196108728025162e-49
4.976213099999999940e+02 1.603368811399743817e-49
4.991519200000000183e+02 1.608579791266816142e-49
5.006872399999999743e+02 1.613829193835048887e-49
5.022272800000000075e+02 1.619117165445025243e-49
5.037720600000000104e+02 1.624444014489664077e-49
5.053215900000000147e+02 1.629809889777216082e-49
5.068758900000000267e+02 1.635215021835264085e-49
5.084349700000000212e+02 1.640659642573248977e-49
5.099988399999999729e+02 1.646143985289999895e-49
5.115675299999999766e+02 1.651668203399840884e-49
5.131410300000000007e+02 1.657232532592641065e-49
5.147193800000000010e+02 1.662837291521604049e-49
5.163025900000000092e+02 1.668482555725968933e-49
5.178906600000000253e+02 1.674168646559235898e-49
5.194836199999999735e+02 1.679895723413960876e-49
5.210814800000000560e+02 1.685664110785599796e-49
5.226842500000000200e+02 1.691474052921156048e-49
5.242919500000000426e+02 1.697325630726543889e-49
5.259045999999999594e+02 1.703219255585928960e-49
5.275222099999999728e+02 1.709155010757184215e-49
5.291447899999999436e+02 1.715133311132223861e-49
5.307723600000000488e+02 1.721154242345616067e-49
5.324049499999999853e+02 1.727218056594968913e-49
5.340425500000000056e+02 1.733325090834841430e-49
5.356851900000000342e+02 1.739475517280400080e-49
5.373328800000000456e+02 1.745669676188943534e-49
5.389856399999999894e+02 1.751907742505209086e-49
5.406434799999999541e+02 1.758189975962176115e-49
5.423064200000000028e+02 1.764516553810201099e-49
5.439744799999999714e+02 1.770887906722561027e-49
5.456476699999999482e+02 1.777304215183395963e-49
5.473260000000000218e+02 1.783765660622499687e-49
5.490095000000000027e+02 1.790272594661769068e-49
5.506981799999999794e+02 1.796825201550625067e-49
5.523920500000000402e+02 1.803423836360643921e-49
5.540911200000000463e+02 1.810068686189603941e-49
5.557954300000000103e+02 1.816760109593961186e-49
5.575049800000000459e+02 1.823498296548721259e-49
5.592197800000000143e+02 1.830283523566968993e-49
5.609398599999999533e+02 1.837116068774463651e-49
5.626652400000000398e+02 1.843996211917728770e-49
5.643959099999999580e+02 1.850924320416899900e-49
5.661319200000000365e+02 1.857900505356900316e-49
5.678732599999999593e+02 1.864925223648400158e-49
5.696199500000000171e+02 1.871998589026801153e-49
5.713720200000000204e+02 1.879120975671241328e-49
5.731294799999999441e+02 1.886292673223840483e-49
5.748923499999999649e+02 1.893513885975625043e-49
5.766606399999999439e+02 1.900784993628048716e-49
5.784343599999999697e+02 1.908106290879375763e-49
5.802135399999999663e+02 1.915478074130624768e-49
5.819981999999999971e+02 1.922900553792100254e-49
5.837883399999999483e+02 1.930374117056528863e-49
5.855839899999999716e+02 1.937898977437475665e-49
5.873851700000000164e+02 1.945475525927025513e-49
5.891918799999999692e+02 1.953103979172096240e-49
5.910041499999999814e+02 1.960784643439504085e-49
5.928219900000000280e+02 1.968517915488288831e-49
5.946454300000000330e+02 1.976304105632163743e-49
5.964744799999999714e+02 1.984143436875624763e-49
5.983091500000000451e+02 1.992036222566289316e-49
6.001494599999999764e+02 1.999982867284223841e-49
6.019954300000000558e+02 2.007983598880900371e-49
6.038470899999999801e+02 2.016038736102400187e-49
6.057044300000000021e+02 2.024148689491600242e-49
6.075674999999999955e+02 2.032313691816099563e-49
6.094362899999999854e+02 2.040534157641983728e-49
6.113108300000000099e+02 2.048810323053796013e-49
6.131911300000000438e+02 2.057142515967288442e-49
6.150772200000000112e+02 2.065531066156996256e-49
6.169691100000000006e+02 2.073976396346760847e-49
6.188668199999999615e+02 2.082478840614225409e-49
6.207703699999999571e+02 2.091038552015625112e-49
6.226797699999999622e+02 2.099656142220025168e-49
6.245950400000000400e+02 2.108331676064328959e-49
6.265162100000000009e+02 2.117065678142723969e-49
6.284432799999999588e+02 2.125858492063089077e-49
6.303762900000000400e+02 2.134710370961476472e-49
6.323152300000000423e+02 2.143621754343169218e-49
6.342601399999999785e+02 2.152592898849936400e-49
6.362110400000000254e+02 2.161624248279441322e-49
6.381679299999999557e+02 2.170716062811136223e-49
6.401308500000000095e+02 2.179868790574225130e-49
6.420997999999999593e+02 2.189082788893225476e-49
6.440748099999999567e+02 2.198358417089024882e-49
6.460558899999999767e+02 2.207695942515625375e-49
6.480430699999999433e+02 2.217095916258304471e-49
6.500363499999999704e+02 2.226558515534928994e-49
6.520357699999999568e+02 2.236084201711503901e-49
6.540413399999999911e+02 2.245673439000368944e-49
6.560530800000000227e+02 2.255326409536729578e-49
6.580710100000000011e+02 2.265043676625625131e-49
6.600951400000000149e+02 2.274825521107161266e-49
6.621254999999999882e+02 2.284672320676515724e-49
6.641621000000000095e+02 2.294584455116041033e-49
6.662049700000000030e+02 2.304562402316163872e-49
6.682541199999999435e+02 2.314606546888163687e-49
6.703095799999999826e+02 2.324717179133040633e-49
6.723713599999999815e+02 2.334894783921001510e-49
6.744394700000000284e+02 2.345139752249449068e-49
6.765139500000000226e+02 2.355452380198008828e-49
6.785948100000000522e+02 2.365833256988223849e-49
6.806820800000000418e+02 2.376282585742640806e-49
6.827757599999999911e+02 2.386800960880609314e-49
6.848758800000000520e+02 2.397388686954496546e-49
6.869824599999999464e+02 2.408046167991408985e-49
6.890955199999999650e+02 2.418773908585023950e-49
6.912150799999999435e+02 2.429572219257481277e-49
6.933411599999999453e+02 2.440441708283928960e-49
6.954737800000000334e+02 2.451382591850720927e-49
6.976129600000000437e+02 2.462395384355840756e-49
6.997587200000000394e+02 2.473480503873604202e-49
7.019110699999999952e+02 2.484638370745609559e-49
7.040700500000000375e+02 2.495869407590329323e-49
7.062356700000000274e+02 2.507174139456099676e-49
7.084079500000000280e+02 2.518552994224969388e-49
7.105869099999999889e+02 2.530006301492223588e-49
7.127725799999999481e+02 2.541534593913225019e-49
7.149649699999999939e+02 2.553138407388100304e-49
7.171640999999999622e+02 2.564817977217024257e-49
7.193699900000000298e+02 2.576573945281296101e-49
7.215826700000000073e+02 2.588406754173768591e-49
7.238021599999999580e+02 2.600316746876601433e-49
7.260284699999999702e+02 2.612304370039849001e-49
7.282616299999999683e+02 2.624370277617664498e-49
7.305016600000000153e+02 2.636514819776015597e-49
7.327485799999999472e+02 2.648738554014608646e-49
7.350024100000000544e+02 2.661041834872368670e-49
7.372631699999999455e+02 2.673425225190975597e-49
7.395308899999999994e+02 2.685889083918095660e-49
7.418055799999999635e+02 2.698434083174115554e-49
7.440872699999999895e+02 2.711060691215408953e-49
7.463759800000000268e+02 2.723769170026564007e-49
7.486717200000000503e+02 2.736560305252449034e-49
7.509745299999999588e+02 2.749434363632400864e-49
7.532844199999999546e+02 2.762392032922369089e-49
7.556014199999999619e+02 2.775433689288224684e-49
7.579255399999999554e+02 2.788559921671488695e-49
7.602568099999999731e+02 2.801771216697599690e-49
7.625952499999999645e+02 2.815068063556224554e-49
7.649408899999999676e+02 2.828451060377856146e-49
7.672937399999999570e+02 2.841920595650888667e-49
7.696538199999999961e+02 2.855477380068888598e-49
7.720211699999999837e+02 2.869121700457488933e-49
7.743958000000000084e+02 2.882854381143961110e-49
7.767777300000000196e+02 2.896675713959076571e-49
7.791669900000000553e+02 2.910586422922201260e-49
7.815635899999999765e+02 2.924587020461400933e-49
7.839675700000000234e+02 2.938678021680624622e-49
7.863789500000000317e+02 2.952860053050625119e-49
7.887977399999999761e+02 2.967133635845603661e-49
7.912239700000000084e+02 2.981499403259664219e-49
7.936576599999999644e+02 2.995957992269024640e-49
7.960988399999999956e+02 3.010510043653224814e-49
7.985475199999999631e+02 3.025156092013560637e-49
8.010037399999999934e+02 3.039896895267599523e-49
8.034675200000000359e+02 3.054733105729600249e-49
8.059388699999999517e+02 3.069665712030096159e-49
8.084178200000000061e+02 3.084695487801225242e-49
8.109044000000000096e+02 3.099823323067248816e-49
8.133986300000000256e+02 3.115050672144321371e-49
8.159005200000000286e+02 3.130379001044099798e-49
8.184101200000000063e+02 3.145810684975729363e-49
8.209274299999999585e+02 3.161348794612129212e-49
8.234524900000000116e+02 3.176999133765625106e-49
8.259853100000000268e+02 3.192771629307456446e-49
8.285259200000000419e+02 3.208687972859524211e-49
8.310743499999999813e+02 3.224801416402224479e-49
8.336306200000000217e+02 3.241279951417599626e-49
8.361947499999999991e+02 3.258924883956036128e-49
8.387667599999999766e+02 3.288284102847844333e-49
8.413466899999999669e+02 3.348919770501903332e-49
8.439345600000000331e+02 3.309117686554761486e-49
8.465303800000000365e+02 3.323110891744899664e-49
8.491341899999999896e+02 3.339125062936568932e-49
8.517459999999999809e+02 3.355626653028440576e-49
8.543658500000000231e+02 3.372359623024440878e-49
8.569937599999999520e+02 3.389252272771225113e-49
8.596297499999999445e+02 3.406278989048895556e-49
8.622738500000000386e+02 3.423428525445183755e-49
8.649260799999999563e+02 3.440695971242915807e-49
8.675864699999999630e+02 3.458078950317488636e-49
8.702550400000000081e+02 3.475576120436288740e-49
8.729318200000000161e+02 3.493187186382481814e-49
8.756168400000000247e+02 3.510912202208400683e-49
8.783101100000000088e+02 3.528751338050435280e-49
8.810116699999999810e+02 3.546704881591524795e-49
8.837215400000000045e+02 3.564773478364175670e-49
8.864397400000000289e+02 3.582957537711721688e-49
8.891662999999999784e+02 3.601257589809440924e-49
8.919012500000000045e+02 3.619674407512899528e-49
8.946446099999999433e+02 3.638208526894095796e-49
8.973964099999999462e+02 3.656860607008324607e-49
9.001566699999999628e+02 3.675631310190224538e-49
9.029254300000000057e+02 3.694521423630625136e-49
9.057027000000000498e+02 3.713531617195009358e-49
9.084885100000000193e+02 3.732662564070399886e-49
9.112828899999999521e+02 3.751915063282883672e-49
9.140858699999999999e+02 3.771289672823928843e-49
9.168974699999999984e+02 3.790787322196900004e-49
9.197177100000000110e+02 3.810408576449049446e-49
9.225466400000000249e+02 3.830154250297599639e-49
9.253842600000000402e+02 3.850025039044900193e-49
9.282306099999999560e+02 3.870021890250000283e-49
9.310857099999999491e+02 3.890145383260899592e-49
9.339496000000000322e+02 3.910396349718244545e-49
9.368223000000000411e+02 3.930775500634609400e-49
9.397038300000000390e+02 3.951283801940643923e-49
9.425942300000000387e+02 3.971921721497856201e-49
9.454935100000000148e+02 3.992690359932121557e-49
9.484017199999999548e+02 4.013590318527408240e-49
9.513188599999999724e+02 4.034622454867683414e-49
9.542449900000000298e+02 4.055787504054224748e-49
9.571801100000000133e+02 4.077086460172489328e-49
9.601242600000000493e+02 4.098519939459856586e-49
9.630774599999999737e+02 4.120088817174723617e-49
9.660397500000000264e+02 4.141793973546441537e-49
9.690111500000000433e+02 4.163636293800025231e-49
9.719916899999999487e+02 4.185616409395599881e-49
9.749814000000000078e+02 4.207735343309480719e-49
9.779803100000000313e+02 4.229993734713603837e-49
9.809884399999999687e+02 4.252392746799129348e-49
9.840058199999999715e+02 4.274933027552784335e-49
9.870324799999999641e+02 4.297615358439999434e-49
9.900684499999999844e+02 4.320440787603599486e-49
9.931137599999999566e+02 4.343410106129808141e-49
9.961684400000000323e+02 4.366524241061760566e-49
9.992325100000000475e+02 4.389783992148024242e-49
1.002306000000000040e+03 4.413190428695104379e-49
1.005389000000000010e+03 4.436744093814321165e-49
1.008481400000000008e+03 4.460446199511183718e-49
1.011583300000000008e+03 4.484297564150404402e-49
1.014694799999999987e+03 4.508299144289160771e-49
1.017815900000000056e+03 4.532451767192195237e-49
1.020946500000000015e+03 4.556756399070000304e-49
1.024086800000000039e+03 4.581213876162224401e-49
1.027236799999999903e+03 4.605825310145360984e-49
1.030396400000000085e+03 4.630591411305601483e-49
1.033565800000000081e+03 4.655513438330329677e-49
1.036744899999999916e+03 4.680591974181903968e-49
1.039933700000000044e+03 4.705828288921600215e-49
1.043132399999999961e+03 4.731223248396544857e-49
1.046340999999999894e+03 4.756777722543608401e-49
1.049559400000000096e+03 4.782492723713761001e-49
1.052787600000000111e+03 4.808369269868836187e-49
1.056025900000000092e+03 4.834408384608100217e-49
1.059274100000000089e+03 4.860611097194889809e-49
1.062532200000000103e+03 4.886978162955624884e-49
1.065800400000000081e+03 4.913510900673599964e-49
1.069078700000000026e+03 4.940210075610383694e-49
1.072366999999999962e+03 4.967076878610064764e-49
1.075665500000000065e+03 4.994112225155089454e-49
1.078974099999999908e+03 5.021317176730008037e-49
1.082292799999999943e+03 5.048692800655716669e-49
1.085621799999999894e+03 5.076240027621169956e-49
1.088961000000000013e+03 5.103960078420024202e-49
1.092310500000000047e+03 5.131853894767680988e-49
1.095670299999999997e+03 5.159922566425201455e-49
1.099040400000000091e+03 5.188167189118489692e-49
1.102420900000000074e+03 5.216588864565849627e-49
1.105811799999999948e+03 5.245188555658275970e-49
1.109213099999999940e+03 5.273967520235569008e-49
1.112624900000000025e+03 5.302926586870415722e-49
1.116047199999999975e+03 5.332067171210024979e-49
1.119480000000000018e+03 5.361390258895225171e-49
1.122923399999999901e+03 5.390896840116529749e-49
1.126377300000000105e+03 5.420588204126736926e-49
1.129841899999999896e+03 5.450465352689288448e-49
1.133317099999999982e+03 5.480529588298800914e-49
1.136803000000000111e+03 5.510781924398881989e-49
1.140299700000000030e+03 5.541223676844815462e-49
1.143807099999999991e+03 5.571855721578495468e-49
1.147325299999999970e+03 5.602679386698304676e-49
1.150854299999999967e+03 5.633696008318400423e-49
1.154394199999999955e+03 5.664906479018328274e-49
1.157944899999999961e+03 5.696311996375055568e-49
1.161506599999999935e+03 5.727914067144256558e-49
1.165079199999999901e+03 5.759713600771729094e-49
1.168662800000000061e+03 5.791711966476803942e-49
1.172257499999999936e+03 5.823910236444304841e-49
1.175863200000000006e+03 5.856309793840900867e-49
1.179480000000000018e+03 5.888911876648515823e-49
1.183107899999999972e+03 5.921717575573809113e-49
1.186746900000000096e+03 5.954728140603224620e-49
1.190397200000000112e+03 5.987944983166969067e-49
1.194058700000000044e+03 6.021369367935288724e-49
1.197731399999999894e+03 6.055002410698816369e-49
1.201415500000000065e+03 6.088845544413025756e-49
1.205110899999999901e+03 6.122900054077444440e-49
1.208817600000000084e+03 6.157167231529161564e-49
1.212535800000000108e+03 6.191648375472784474e-49
1.216265400000000000e+03 6.226344791510480413e-49
1.220006399999999985e+03 6.261258108684543323e-49
1.223759000000000015e+03 6.296389490443263417e-49
1.227523100000000113e+03 6.331740582895224348e-49
1.231298800000000028e+03 6.367312883157135875e-49
1.235086099999999988e+03 6.403108377330624373e-49
1.238884999999999991e+03 6.439129226314224991e-49
1.242695699999999988e+03 6.475378894728121937e-49
1.246518000000000029e+03 6.511863944446640907e-49
1.250352100000000064e+03 6.548601846658623850e-49
1.254198100000000068e+03 6.585670313492449449e-49
1.258055800000000090e+03 6.624032099856649541e-49
1.261925400000000081e+03 6.666906050463375893e-49
1.265806900000000041e+03 6.697964339752464073e-49
1.269700299999999970e+03 6.735550063737608733e-49
1.273605800000000045e+03 6.773572456544656260e-49
1.277523200000000088e+03 6.811871225151721536e-49
1.281452700000000050e+03 6.850421645391075739e-49
1.285394199999999955e+03 6.889217627718720546e-49
1.289347899999999981e+03 6.928257832128648260e-49
1.293313799999999901e+03 6.967542563845250554e-49
1.297291799999999967e+03 7.007072792227600547e-49
1.301282099999999900e+03 7.046849824397287742e-49
1.305284699999999930e+03 7.086874804882084257e-49
1.309299500000000080e+03 7.127149219778023141e-49
1.313326800000000048e+03 7.167674562894400798e-49
1.317366400000000112e+03 7.208452335786025450e-49
1.321418400000000020e+03 7.249483877497799890e-49
1.325482899999999972e+03 7.290770874492121108e-49
1.329559899999999971e+03 7.332314851749969153e-49
1.333649400000000014e+03 7.374117513873124083e-49
1.337751500000000078e+03 7.416180230859008554e-49
1.341866299999999910e+03 7.458504551417955005e-49
1.345993699999999990e+03 7.501092378669408513e-49
1.350133700000000090e+03 7.543944932844994124e-49
1.354286599999999908e+03 7.587064135100026136e-49
1.358452199999999948e+03 7.630451569231935194e-49
1.362630599999999959e+03 7.674108827164082036e-49
1.366821799999999939e+03 7.718037508979045154e-49
1.371026000000000067e+03 7.762239399159182520e-49
1.375243099999999913e+03 7.806716115718130530e-49
1.379473099999999931e+03 7.851469284939288458e-49
1.383716200000000072e+03 7.896500719134048413e-49
1.387972299999999905e+03 7.941811884520335325e-49
1.392241500000000087e+03 7.987404968632089156e-49
1.396523799999999937e+03 8.033281277273476743e-49
1.400819300000000112e+03 8.079442659918400457e-49
1.405128099999999904e+03 8.125890976588176486e-49
1.409450000000000045e+03 8.172627736292569617e-49
1.413785300000000007e+03 8.219654998509968970e-49
1.418133900000000040e+03 8.266974471793214760e-49
1.422495899999999892e+03 8.314587873347045150e-49
1.426871300000000019e+03 8.362497111956099189e-49
1.431260099999999966e+03 8.410703740392320676e-49
1.435662499999999909e+03 8.459210053873296942e-49
1.440078400000000101e+03 8.508017440377225823e-49
1.444507900000000063e+03 8.557127847515025953e-49
1.448951000000000022e+03 8.606543419445763499e-49
1.453407699999999977e+03 8.656265755293025382e-49
1.457878200000000106e+03 8.706296834236520046e-49
1.462362399999999980e+03 8.756638459455742983e-49
1.466860400000000027e+03 8.807292630869328788e-49
1.471372299999999996e+03 8.858261171408893879e-49
1.475897999999999911e+03 8.909546101913662132e-49
1.480437699999999950e+03 8.961149454569105244e-49
1.484991299999999910e+03 9.013073083086435334e-49
1.489558899999999994e+03 9.065318850433022417e-49
1.494140599999999949e+03 9.117889010819042331e-49
1.498736400000000003e+03 9.170785257623089867e-49
1.503346299999999928e+03 9.224009675557264263e-49
1.507970299999999952e+03 9.277564360972994419e-49
1.512608600000000024e+03 9.331451421915842753e-49
1.517261199999999917e+03 9.385672784421123722e-49
1.521928100000000086e+03 9.440230384079104049e-49
1.526609300000000076e+03 9.495126360957721761e-49
1.531305000000000064e+03 9.550363062469680951e-49
1.536015000000000100e+03 9.605942262188279862e-49
1.540739600000000110e+03 9.661866134323262600e-49
1.545478699999999890e+03 9.718136865133318935e-49
1.550232400000000098e+03 9.774756455247423338e-49
1.555000700000000052e+03 9.831727311774489533e-49
1.559783599999999979e+03 9.889051259676681336e-49
1.564581300000000056e+03 9.946730729956805577e-49
1.569393700000000081e+03 1.000476856834560130e-48
1.574221000000000004e+03 1.006316543300889987e-48
1.579063000000000102e+03 1.012192338437290153e-48
1.583920000000000073e+03 1.018104610736890015e-48
1.588791899999999941e+03 1.024053731589160074e-48
1.593678799999999910e+03 1.030039466353959845e-48
1.598580699999999979e+03 1.036062390512249885e-48
1.603497800000000097e+03 1.042122676504809977e-48
1.608429900000000089e+03 1.048220497336959969e-48
1.613377199999999903e+03 1.054356231942249892e-48
1.618339699999999993e+03 1.060529850292090017e-48
1.623317500000000109e+03 1.066741733657609895e-48
1.628310600000000022e+03 1.072992059120889884e-48
1.633318999999999960e+03 1.079281212117159973e-48
1.638342900000000100e+03 1.085609372705640256e-48
1.643382200000000012e+03 1.091976721533609967e-48
1.648436999999999898e+03 1.098383649444000011e-48
1.653507399999999961e+03 1.104830129880999860e-48
1.658593299999999999e+03 1.111316766938009969e-48
1.663694899999999961e+03 1.117843747329689914e-48
1.668812200000000075e+03 1.124411894612410123e-48
1.673945200000000114e+03 1.131024592812959963e-48
1.679094100000000026e+03 1.137770595566889980e-48
1.684258700000000090e+03 1.144388169216640070e-48
1.689439300000000003e+03 1.151091450054489865e-48
1.694635700000000043e+03 1.157861220768160097e-48
1.699848199999999906e+03 1.164675014241209785e-48
1.705076700000000073e+03 1.171531527603609970e-48
1.710321300000000065e+03 1.178430743580250033e-48
1.715582000000000107e+03 1.185372860752890078e-48
1.720858799999999974e+03 1.192357859961959954e-48
1.726152000000000044e+03 1.199386158192009899e-48
1.731461399999999912e+03 1.206458175643210081e-48
1.736787100000000009e+03 1.213573674778239951e-48
1.742129200000000083e+03 1.220733518397609954e-48
1.747487699999999904e+03 1.227937469627560147e-48
1.752862800000000107e+03 1.235185953876639923e-48
1.758254300000000057e+03 1.242479622756489752e-48
1.763662499999999909e+03 1.249818239437289860e-48
1.769087199999999939e+03 1.257202235250089949e-48
1.774528700000000072e+03 1.264632044833960035e-48
1.779986900000000105e+03 1.272107655006249907e-48
1.785461900000000014e+03 1.279629729331840100e-48
1.790953700000000026e+03 1.287198256665759961e-48
1.796462399999999889e+03 1.294813451461689933e-48
1.801988100000000031e+03 1.302475985364489844e-48
1.807530799999999999e+03 1.310185849322249941e-48
1.813090500000000020e+03 1.317943491495839921e-48
1.818667300000000068e+03 1.325749133179239879e-48
1.824261199999999917e+03 1.333602996379290130e-48
1.829872399999999971e+03 1.341505535462440118e-48
1.835500800000000027e+03 1.349456975917690069e-48
1.841146600000000035e+03 1.357457543960039872e-48
1.846809700000000021e+03 1.365507466530490138e-48
1.852490199999999959e+03 1.373607440099999669e-48
1.858188200000000052e+03 1.381757462131239880e-48
1.863903700000000072e+03 1.389957763846089834e-48
1.869636799999999994e+03 1.398208813697439904e-48
1.875387600000000020e+03 1.406510846488809947e-48
1.881155999999999949e+03 1.414864335672490044e-48
1.886942199999999957e+03 1.423269519673960241e-48
1.892746100000000069e+03 1.431726637684840063e-48
1.898567900000000009e+03 1.440236169682560132e-48
1.904407699999999977e+03 1.448798117796089939e-48
1.910265300000000025e+03 1.457413206415689721e-48
1.916141100000000051e+03 1.466081439942249752e-48
1.922034799999999905e+03 1.474803306459040251e-48
1.927946699999999964e+03 1.483579054110759867e-48
1.933876800000000003e+03 1.492409176164000228e-48
1.939825199999999995e+03 1.501293679474409927e-48
1.945791799999999967e+03 1.510233306140249988e-48
1.951776800000000094e+03 1.519228065358090203e-48
1.957780199999999923e+03 1.528278705954489888e-48
1.963801999999999907e+03 1.537384991516889887e-48
1.969842399999999998e+03 1.546547675447289899e-48
1.975901299999999992e+03 1.555767018955210182e-48
1.981978900000000067e+03 1.565043284085610187e-48
1.988075199999999995e+03 1.574376984667240335e-48
1.994190299999999979e+03 1.583768386657959906e-48
2.000324100000000044e+03 1.593218009310760146e-48
2.006476799999999912e+03 1.602725616144000049e-48
2.012648400000000038e+03 1.612292235264490059e-48
2.018839099999999917e+03 1.621918140570250085e-48
2.025048700000000053e+03 1.631603351369289854e-48
2.031277499999999918e+03 1.641348397261440083e-48
2.037525399999999991e+03 1.651153811767289697e-48
2.043792599999999993e+03 1.661019616830250117e-48
2.050079000000000178e+03 1.670946607800999760e-48
2.056384700000000066e+03 1.680934809175690167e-48
2.062709899999999834e+03 1.690984763413689821e-48
2.069054500000000189e+03 1.701097016973209974e-48
2.075418599999999969e+03 1.711271597073640145e-48
2.081802299999999832e+03 1.721509053556409805e-48
2.088205599999999777e+03 1.731810466699290347e-48
2.094628600000000006e+03 1.742177455106489915e-48
2.101071399999999812e+03 1.764152164153210039e-48
2.107534000000000106e+03 1.763098782179289959e-48
2.114016500000000178e+03 1.773653417081640027e-48
2.120518900000000031e+03 1.784275615516840159e-48
2.127041299999999865e+03 1.794964092311289897e-48
2.133583799999999883e+03 1.805718350408040137e-48
2.140146400000000085e+03 1.816539231890250015e-48
2.146729200000000219e+03 1.827427045516959873e-48
2.153332199999999830e+03 1.838382101030249873e-48
2.159955599999999777e+03 1.849404981140889934e-48
2.166599299999999857e+03 1.860495727200010137e-48
2.173263399999999820e+03 1.871655199140249808e-48
2.179948100000000068e+03 1.882883441124000158e-48
2.186653299999999945e+03 1.894181045556249774e-48
2.193379100000000108e+03 1.905548333056000076e-48
2.200125599999999849e+03 1.916986179077290125e-48
2.206892899999999827e+03 1.928494355765760095e-48
2.213681000000000040e+03 1.940073743944089905e-48
2.220489999999999782e+03 1.951724673313960164e-48
2.227319899999999961e+03 1.963447474622489792e-48
2.234170799999999872e+03 1.975242760748889917e-48
2.241042800000000170e+03 1.987110867060640102e-48
2.247935899999999947e+03 1.999052129986559726e-48
2.254850300000000061e+03 2.011067170640999977e-48
2.261785899999999856e+03 2.023156614604409978e-48
2.268742799999999988e+03 2.035320521291559845e-48
2.275721100000000206e+03 2.047559806342089892e-48
2.282720899999999801e+03 2.059874532211689800e-48
2.289742200000000139e+03 2.072265334832250394e-48
2.296785199999999804e+03 2.084732565916090200e-48
2.303849700000000212e+03 2.097276578285290091e-48
2.310936099999999897e+03 2.109898306891210217e-48
2.318044199999999819e+03 2.122598112013209795e-48
2.325174100000000180e+03 2.135376062814760291e-48
2.332326100000000224e+03 2.148233105499039980e-48
2.339500000000000000e+03 2.161169312390559888e-48
2.346695900000000165e+03 2.174185638143999948e-48
2.353914000000000215e+03 2.187282158283689733e-48
2.361154300000000148e+03 2.200459539309160115e-48
2.368416900000000169e+03 2.213718452448999968e-48
2.375701799999999821e+03 2.227059275222250025e-48
2.383009100000000217e+03 2.240482086976000162e-48
2.390338900000000194e+03 2.253988165709440136e-48
2.397691299999999956e+03 2.267577295595289847e-48
2.405066200000000208e+03 2.281250463084809961e-48
2.412463900000000194e+03 2.295008057126560146e-48
2.419884300000000167e+03 2.308850771794090013e-48
2.427327499999999873e+03 2.322778696422249682e-48
2.434793599999999969e+03 2.336792529380410352e-48
2.442282700000000204e+03 2.350892973948839676e-48
2.449794800000000123e+03 2.365080430771239958e-48
2.457329999999999927e+03 2.379355610256000100e-48
2.464888399999999820e+03 2.393718918359040145e-48
2.472470100000000002e+03 2.408170762315240128e-48
2.480074999999999818e+03 2.422711861939690035e-48
2.487703399999999874e+03 2.437342629840809867e-48
2.495355199999999968e+03 2.452063793104890377e-48
2.503030600000000049e+03 2.466875769766810252e-48
2.510729499999999916e+03 2.481779924395560208e-48
2.518452200000000175e+03 2.496784270786560214e-48
2.526198600000000170e+03 2.511866168814239820e-48
2.533968800000000101e+03 2.527044032290409627e-48
2.541762999999999920e+03 2.542318636224999766e-48
2.549581099999999878e+03 2.557687562439839722e-48
2.557423200000000179e+03 2.573151246920250414e-48
2.565289499999999862e+03 2.588710770598410114e-48
2.573179900000000089e+03 2.604365932503039812e-48
2.581094700000000103e+03 2.620117820212839936e-48
2.589033800000000156e+03 2.635967205782439779e-48
2.596997299999999996e+03 2.651914215206009685e-48
2.604985200000000077e+03 2.667959625320999794e-48
2.612997800000000097e+03 2.684103890652250021e-48
2.621034999999999854e+03 2.700348124456959718e-48
2.629097000000000207e+03 2.716692460416639835e-48
2.637183700000000044e+03 2.733137690976159758e-48
2.645295300000000225e+03 2.749684282375840783e-48
2.653431799999999839e+03 2.766333034962089816e-48
2.661593400000000202e+03 2.783084420912409827e-48
2.669780099999999948e+03 2.799939583203999288e-48
2.677992000000000189e+03 2.816898331699240159e-48
2.686229100000000017e+03 2.833961816406250366e-48
2.694491500000000087e+03 2.851130521546810064e-48
2.702779399999999896e+03 2.868405610314240404e-48
2.711092799999999897e+03 2.885786896608160419e-48
2.719431700000000092e+03 2.903275550780009995e-48
2.727796299999999974e+03 2.920871727513639668e-48
2.736186599999999999e+03 2.938576950292840379e-48
2.744602699999999913e+03 2.956391381056000458e-48
2.753044800000000123e+03 2.974315524096159572e-48
2.761512700000000223e+03 2.992350231249209494e-48
2.770006699999999910e+03 3.010496360115240556e-48
2.778526899999999841e+03 3.028754426024890539e-48
2.787073199999999815e+03 3.047125295042890570e-48
2.795645899999999983e+03 3.065609138721609643e-48
2.804244900000000143e+03 3.084207530957440494e-48
2.812870399999999790e+03 3.102920298516640481e-48
2.821522300000000087e+03 3.121748321409000253e-48
2.830201000000000022e+03 3.140692839999999759e-48
2.838906199999999899e+03 3.159754038358090011e-48
2.847638300000000072e+03 3.178933167709690189e-48
2.856397199999999884e+03 3.198230416584089148e-48
2.865183100000000195e+03 3.217646688400000245e-48
2.873996000000000095e+03 3.237182532775839898e-48
2.882835999999999785e+03 3.256839222912249621e-48
2.891703199999999924e+03 3.276616956391839294e-48
2.900597699999999804e+03 3.296517017539689995e-48
2.909519499999999880e+03 3.316539608541609428e-48
2.918468800000000101e+03 3.336685659604089693e-48
2.927445600000000013e+03 3.356956473560009896e-48
2.936449999999999818e+03 3.377353363909290403e-48
2.945482100000000173e+03 3.397876180222410433e-48
2.954541999999999916e+03 3.418521067130489495e-48
2.963629699999999957e+03 3.439295986249209973e-48
2.972745399999999790e+03 3.460199317953210063e-48
2.981889200000000073e+03 3.481231656474810576e-48
2.991061000000000149e+03 3.502393597904890527e-48
3.000261100000000170e+03 3.523686115622560825e-48
3.009489500000000135e+03 3.545110189423690054e-48
3.018746299999999792e+03 3.566666050131610370e-48
3.028031500000000051e+03 3.588355062461159548e-48
3.037345299999999952e+03 3.610177842190240172e-48
3.046687699999999950e+03 3.632135388182439514e-48
3.056058899999999994e+03 3.654228323532959856e-48
3.065458900000000085e+03 3.676457273281000528e-48
3.074887799999999970e+03 3.698823633702760083e-48
3.084345699999999852e+03 3.721327654920489577e-48
3.093832699999999932e+03 3.743970745316490166e-48
3.103348899999999958e+03 3.766753160156249951e-48
3.112894400000000132e+03 3.789676320022809921e-48
3.122469200000000001e+03 3.812740875900810157e-48
3.132073499999999967e+03 3.835947872517760135e-48
3.141707300000000032e+03 3.859297575590249976e-48
3.151370800000000145e+03 3.882791430400000364e-48
3.161063900000000103e+03 3.906430498548640556e-48
3.170786900000000060e+03 3.930215055529000384e-48
3.180539800000000014e+03 3.954146169512250314e-48
3.190322700000000168e+03 3.978225314491210486e-48
3.200135699999999815e+03 4.002452775891609387e-48
3.209978799999999865e+03 4.026829237755210372e-48
3.219852300000000014e+03 4.051356593923240520e-48
3.229756100000000060e+03 4.076035139912490005e-48
3.239690300000000207e+03 4.100865573528360153e-48
3.249655200000000150e+03 4.125849407229689757e-48
3.259650599999999940e+03 4.150987350567839711e-48
3.269676899999999932e+03 4.176280115306009203e-48
3.279733900000000176e+03 4.201728825381609875e-48
3.289821899999999914e+03 4.227334611932889701e-48
3.299940999999999804e+03 4.253098200876809945e-48
3.310091100000000097e+03 4.279020734104359995e-48
3.320272500000000036e+03 4.305103360800490198e-48
3.330485200000000077e+03 4.331346821245440179e-48
3.340729299999999967e+03 4.357751858024409454e-48
3.351004899999999907e+03 4.384320053578240506e-48
3.361312100000000100e+03 4.411143734147290471e-48
3.371650999999999840e+03 4.437948521407209400e-48
3.382021699999999782e+03 4.465010730471840058e-48
3.392424300000000130e+03 4.492239979590250613e-48
3.402858999999999924e+03 4.519637040758440315e-48
3.413325699999999870e+03 4.547203541339289495e-48
3.423824599999999919e+03 4.574939410356639820e-48
3.434355799999999817e+03 4.602846714285160028e-48
3.444919400000000223e+03 4.630926246505690175e-48
3.455515400000000227e+03 4.659178371168999902e-48
3.466144099999999980e+03 4.687605181708839165e-48
3.476805499999999938e+03 4.716207052488999457e-48
3.487499600000000100e+03 4.744985662081440796e-48
3.498226700000000164e+03 4.773941391212009983e-48
3.508986699999999928e+03 4.803075494463999914e-48
3.519779899999999998e+03 4.832389673938090612e-48
3.530606200000000172e+03 4.861884322017609812e-48
3.541465900000000147e+03 4.891560712981290846e-48
3.552358900000000176e+03 4.921420572756250335e-48
3.563285499999999956e+03 4.951464305569960052e-48
3.574245600000000195e+03 4.981693205658490341e-48
3.585239500000000135e+03 5.012108575321209786e-48
3.596267199999999775e+03 5.042711275843240749e-48
3.607328799999999774e+03 5.073503072158438974e-48
3.618424399999999878e+03 5.104484387272359752e-48
3.629554200000000037e+03 5.135656547881690301e-48
3.640718199999999797e+03 5.167021343528889738e-48
3.651916499999999814e+03 5.198579209544491068e-48
3.663149300000000039e+03 5.230331950665610812e-48
3.674416600000000017e+03 5.262280467949210741e-48
3.685718600000000151e+03 5.294425665251610413e-48
3.697055299999999988e+03 5.326769372420250607e-48
3.708427000000000135e+03 5.359312044353439362e-48
3.719833599999999933e+03 5.392055990816010263e-48
3.731275200000000041e+03 5.425001212234239247e-48
3.742752100000000155e+03 5.458150036838560532e-48
3.754264299999999821e+03 5.491502938099360168e-48
3.765811900000000151e+03 5.525061797024998921e-48
3.777394999999999982e+03 5.558828037458890396e-48
3.789013699999999972e+03 5.592801200028160397e-48
3.800668200000000070e+03 5.626984132002249264e-48
3.812358499999999822e+03 5.661377803225000271e-48
3.824084800000000087e+03 5.695984141201210589e-48
3.835847099999999955e+03 5.730803172972159320e-48
3.847645599999999831e+03 5.765837318169639208e-48
3.859480399999999918e+03 5.801087090189160610e-48
3.871351599999999962e+03 5.836554449174439719e-48
3.883259399999999914e+03 5.872240400824361195e-48
3.895203700000000026e+03 5.908146440090410315e-48
3.907184799999999996e+03 5.944273583361610471e-48
3.919202800000000025e+03 5.980623828385960216e-48
3.931257700000000114e+03 6.017198206804840577e-48
3.943349700000000212e+03 6.053997753461291291e-48
3.955478799999999865e+03 6.091024000000000175e-48
3.967645300000000134e+03 6.128278982403209329e-48
3.979849299999999857e+03 6.165763262120249227e-48
3.992090700000000197e+03 6.203478892226560450e-48
4.004369799999999941e+03 6.241426941911039603e-48
4.016686700000000201e+03 6.279608984859039592e-48
4.029041400000000067e+03 6.318026604192249393e-48
4.041434200000000146e+03 6.356680888266810002e-48
4.053865099999999984e+03 6.395573434598410030e-48
4.066334199999999782e+03 6.434705342918410261e-48
4.078841699999999946e+03 6.474079243009439220e-48
4.091387600000000020e+03 6.513695234513639657e-48
4.103972099999999955e+03 6.553555968073960324e-48
4.116595400000000154e+03 6.593662062281289632e-48
4.129257400000000416e+03 6.634015163227240000e-48
4.141958400000000438e+03 6.674617443489609581e-48
4.154698500000000422e+03 6.715470055221760436e-48
4.167477799999999661e+03 6.756574674017440227e-48
4.180296299999999974e+03 6.797931942483360249e-48
4.193154300000000148e+03 6.839545115705759047e-48
4.206051900000000387e+03 6.881415379323039943e-48
4.218989099999999780e+03 6.923541291401290664e-48
4.231966099999999642e+03 6.965928243720249849e-48
4.244983000000000175e+03 7.008576388486558848e-48
4.258039999999999964e+03 7.051487993110438679e-48
4.271137099999999919e+03 7.094663743561001356e-48
4.284274500000000444e+03 7.138105391762889793e-48
4.297452400000000125e+03 7.181815235902809811e-48
4.310670699999999670e+03 7.225793978205689840e-48
4.323929699999999684e+03 7.270044475204000172e-48
4.337229500000000371e+03 7.314567443388490562e-48
4.350570200000000114e+03 7.359364681662009884e-48
4.363951900000000023e+03 7.404438543656040207e-48
4.377374799999999595e+03 7.449789762558089662e-48
4.390838999999999942e+03 7.495420711507559550e-48
4.404344600000000355e+03 7.541333231741439778e-48
4.417891800000000330e+03 7.587528073390239865e-48
4.431480599999999868e+03 7.634008194246810853e-48
4.445111200000000281e+03 7.680774913525209210e-48
4.458783699999999953e+03 7.727829554526760544e-48
4.472498300000000199e+03 7.775174559999999412e-48
4.486255100000000311e+03 7.822811271655209250e-48
4.500054100000000290e+03 7.870741596449640366e-48
4.513895700000000033e+03 7.918967452355999648e-48
4.527779800000000250e+03 7.967490203880490381e-48
4.541706600000000435e+03 8.016312352266488458e-48
4.555676199999999881e+03 8.065435848835210046e-48
4.569688799999999901e+03 8.114861516672159207e-48
4.583744599999999991e+03 8.164591890624999195e-48
4.597843499999999949e+03 8.214628950582760098e-48
4.611985800000000381e+03 8.264974687791611015e-48
4.626171599999999671e+03 8.315631104908960179e-48
4.640401100000000042e+03 8.366598480553289659e-48
4.654674299999999675e+03 8.417880565250560956e-48
4.668991399999999885e+03 8.469479396169001338e-48
4.683352600000000166e+03 8.521395270620409684e-48
4.697757899999999609e+03 8.573631989852249070e-48
4.712207500000000437e+03 8.626190451221289147e-48
4.726701600000000326e+03 8.679072727907558994e-48
4.741240300000000389e+03 8.732280904874890973e-48
4.755823599999999715e+03 8.785817078926411304e-48
4.770451900000000023e+03 8.839683358760250637e-48
4.785125100000000202e+03 8.893881268573208575e-48
4.799843499999999949e+03 8.948413533822009042e-48
4.814607100000000173e+03 9.003282299209000201e-48
4.829416199999999662e+03 9.058488517663288826e-48
4.844270800000000236e+03 9.114035554705209310e-48
4.859171099999999569e+03 9.169924985894560904e-48
4.874117199999999684e+03 9.226158999156489108e-48
4.889109300000000076e+03 9.282739185377439271e-48
4.904147500000000036e+03 9.339668362786409524e-48
4.919231899999999769e+03 9.396948143313638650e-48
4.934362799999999879e+03 9.454581373798088690e-48
4.949540200000000368e+03 9.512569687421160475e-48
4.964764299999999821e+03 9.570915341148160773e-48
4.980035200000000259e+03 9.629620604568999488e-48
4.995353100000000268e+03 9.688687759956489109e-48
5.010718100000000049e+03 9.748118477885289409e-48
5.026130299999999806e+03 9.807916313136489247e-48
5.041590000000000146e+03 9.868087361741441057e-48
5.057097200000000157e+03 9.928618873035210700e-48
5.072652100000000246e+03 9.989528898386560323e-48
5.088254899999999907e+03 1.005081477120399951e-47
5.103905600000000049e+03 1.011247759214883967e-47
5.119604500000000371e+03 1.017452101125624921e-47
5.135351700000000164e+03 1.023694614771983949e-47
5.151147299999999632e+03 1.029975668578755927e-47
5.166991500000000087e+03 1.036295440720849151e-47
5.182884399999999914e+03 1.042654109924025084e-47
5.198826200000000426e+03 1.049051985021183970e-47
5.214817100000000210e+03 1.055489312007024880e-47
5.230857100000000173e+03 1.061966338230624903e-47
5.246946500000000015e+03 1.068483247026244076e-47
5.263085399999999936e+03 1.075040353444863989e-47
5.279273900000000140e+03 1.081637843157169081e-47
5.295512200000000121e+03 1.088275968384783989e-47
5.311800400000000081e+03 1.094955048911024938e-47
5.328138700000000426e+03 1.101675273952035883e-47
5.344527299999999741e+03 1.108436966480808931e-47
5.360966300000000047e+03 1.115240251315369218e-47
5.377455899999999929e+03 1.122085521027024996e-47
5.393996199999999590e+03 1.128972969637248997e-47
5.410587400000000343e+03 1.135902859172964015e-47
5.427229599999999664e+03 1.142875453086480817e-47
5.443922999999999774e+03 1.149891084081935870e-47
5.460667699999999968e+03 1.156950019105024127e-47
5.477463899999999740e+03 1.164052185367680999e-47
5.494311800000000403e+03 1.171198328700625057e-47
5.511211599999999635e+03 1.178388447041568971e-47
5.528163300000000163e+03 1.185622880765625231e-47
5.545167099999999664e+03 1.192901903481744233e-47
5.562223299999999654e+03 1.200225790275624879e-47
5.579331900000000132e+03 1.207594887217156230e-47
5.596493099999999686e+03 1.215009333576256307e-47
5.613707099999999627e+03 1.222469478196560848e-47
5.630974100000000362e+03 1.229975602136063853e-47
5.648294200000000274e+03 1.237527987962256207e-47
5.665667499999999563e+03 1.245126919758735685e-47
5.683094299999999748e+03 1.252772683131841029e-47
5.700574700000000121e+03 1.260465565217295989e-47
5.718108799999999974e+03 1.268205854686883749e-47
5.735696899999999914e+03 1.275993841755135941e-47
5.753339100000000144e+03 1.283829889847184229e-47
5.771035600000000159e+03 1.291714149180625095e-47
5.788786500000000160e+03 1.299647058181923657e-47
5.806591900000000351e+03 1.307628841644800936e-47
5.824452199999999721e+03 1.315659797600625012e-47
5.842367400000000089e+03 1.323742845258728627e-47
5.860337700000000041e+03 1.331875828275876015e-47
5.878363199999999779e+03 1.340058977657855833e-47
5.896444300000000112e+03 1.348292525124608995e-47
5.914580899999999929e+03 1.356576776773695767e-47
5.932773299999999836e+03 1.364912040320655767e-47
5.951021700000000237e+03 1.373298699222025284e-47
5.969326200000000426e+03 1.381737065132176177e-47
5.987686999999999898e+03 1.390227451348516285e-47
6.006104199999999764e+03 1.398770098018224931e-47
6.024578099999999722e+03 1.407365396087160961e-47
6.043108900000000176e+03 1.416013663821849055e-47
6.061696600000000217e+03 1.424715145669201381e-47
6.080341599999999744e+03 1.433470313995204253e-47
6.099043800000000374e+03 1.442279492796025063e-47
6.117803600000000188e+03 1.451142855389160826e-47
6.136621100000000297e+03 1.460060880612048784e-47
6.155496500000000196e+03 1.469033820912528935e-47
6.174429900000000089e+03 1.478062083298328981e-47
6.193421599999999671e+03 1.487145923187960970e-47
6.212471700000000055e+03 1.496285828877315683e-47
6.231580399999999827e+03 1.505481981892681256e-47
6.250747800000000097e+03 1.514734797124835936e-47
6.269974199999999655e+03 1.524044614092195712e-47
6.289259799999999814e+03 1.533411852392808687e-47
6.308604599999999664e+03 1.542836777239521133e-47
6.328009000000000015e+03 1.552319812260099804e-47
6.347473100000000159e+03 1.561861225752100021e-47
6.366997000000000298e+03 1.571461445405568870e-47
6.386581000000000131e+03 1.581120822156100318e-47
6.406225199999999859e+03 1.590839708750223700e-47
6.425929799999999886e+03 1.600618539768361185e-47
6.445695099999999911e+03 1.610457592077049040e-47
6.465521099999999933e+03 1.620357223902920780e-47
6.485408099999999649e+03 1.630317876068025041e-47
6.505356300000000374e+03 1.640339911232100045e-47
6.525365899999999783e+03 1.650423693915649203e-47
6.545436999999999898e+03 1.660569672007744302e-47
6.565569800000000214e+03 1.670778051023104152e-47
6.585764600000000428e+03 1.681049446363608922e-47
6.606021499999999833e+03 1.691384067073599978e-47
6.626340600000000450e+03 1.701782369602224821e-47
6.646722300000000359e+03 1.712244730559840708e-47
6.667166699999999764e+03 1.722771611488655968e-47
6.687673999999999978e+03 1.733363310342400001e-47
6.708244300000000294e+03 1.744020293037961210e-47
6.728877900000000409e+03 1.754742944681103769e-47
6.749574999999999818e+03 1.765531652332900203e-47
6.770335699999999633e+03 1.776386805017615898e-47
6.791160299999999552e+03 1.787308878283775661e-47
6.812048899999999776e+03 1.798298181071715719e-47
6.833001800000000003e+03 1.809355278491289254e-47
6.854019199999999728e+03 1.820480483733921053e-47
6.875101200000000063e+03 1.831674282148096144e-47
6.896247999999999593e+03 1.842936990431364392e-47
6.917459899999999834e+03 1.854269098500624792e-47
6.938737000000000080e+03 1.865671099362225085e-47
6.960079600000000028e+03 1.877143229172120641e-47
6.981487799999999879e+03 1.888686158606289046e-47
7.002961900000000242e+03 1.900300127674624068e-47
7.024502000000000407e+03 1.911985726135081030e-47
7.046108299999999872e+03 1.923743284808003867e-47
7.067781200000000354e+03 1.935573311512800968e-47
7.089520700000000033e+03 1.947476228987960966e-47
7.111327000000000226e+03 1.959452462084209245e-47
7.133200399999999718e+03 1.971502526576024716e-47
7.155141200000000026e+03 1.983626852381476006e-47
7.177149400000000242e+03 1.995825871560888707e-47
7.199225199999999859e+03 2.008100018325240859e-47
7.221368999999999687e+03 2.020449818943395919e-47
7.243580899999999929e+03 2.032875622606083896e-47
7.265861200000000281e+03 2.045378141384448917e-47
7.288209899999999834e+03 2.057957548490089050e-47
7.310627400000000307e+03 2.070614562048036000e-47
7.333113900000000285e+03 2.083349540588175922e-47
7.355669499999999971e+03 2.096163026880129005e-47
7.378294499999999971e+03 2.109055383349208839e-47
7.400989099999999780e+03 2.122027249928089033e-47
7.423753499999999804e+03 2.135078993817224978e-47
7.446587900000000445e+03 2.148211168742400750e-47
7.469492500000000291e+03 2.161424238854399888e-47
7.492467599999999948e+03 2.174718763854400431e-47
7.515513399999999820e+03 2.188095213326400163e-47
7.538630000000000109e+03 2.201554059159840986e-47
7.561817799999999806e+03 2.215095775558415942e-47
7.585076900000000023e+03 2.228720933467560959e-47
7.608407500000000255e+03 2.242430107324416179e-47
7.631809900000000198e+03 2.256223780076176167e-47
7.655284200000000055e+03 2.270102341739280526e-47
7.678830799999999726e+03 2.284066470280464163e-47
7.702449800000000323e+03 2.298116656632976462e-47
7.726141400000000431e+03 2.312253394122816178e-47
7.749905999999999949e+03 2.326477274944900102e-47
7.773743599999999788e+03 2.340788701363204141e-47
7.797654499999999643e+03 2.355188368060088980e-47
7.821639000000000124e+03 2.369676779814275957e-47
7.845697199999999611e+03 2.384254443853584215e-47
7.869829499999999825e+03 2.398921869864100413e-47
7.894035899999999856e+03 2.413679668257795962e-47
7.918316899999999805e+03 2.428528453130403812e-47
7.942672499999999673e+03 2.443468743417024931e-47
7.967103000000000065e+03 2.458501060559075805e-47
7.991608699999999772e+03 2.473626027984721269e-47
8.016189800000000105e+03 2.488844173092488989e-47
8.040846400000000358e+03 2.504156025820849279e-47
8.065578900000000431e+03 2.519562319438563645e-47
8.090387499999999818e+03 2.535063490143395750e-47
8.115272399999999834e+03 2.550660076483600144e-47
8.140233799999999974e+03 2.566352923545855811e-47
8.165271999999999935e+03 2.582142374596224875e-47
8.190387200000000121e+03 2.598029078848224765e-47
8.215579700000000230e+03 2.614013689385476317e-47
8.240849599999999555e+03 2.630096863180899836e-47
8.266197299999999814e+03 2.646279055348008968e-47
8.291622999999999593e+03 2.662561032000100203e-47
8.317126800000000003e+03 2.678943253903080647e-47
8.342709100000000035e+03 2.695426390910015789e-47
8.368370100000000093e+03 2.712011220996676225e-47
8.394110000000000582e+03 2.728698109511363498e-47
8.419929099999999380e+03 2.745487841144409250e-47
8.445827600000000530e+03 2.762380995656164162e-47
8.471805800000000090e+03 2.779378260996481281e-47
8.497863900000000285e+03 2.796480329170564079e-47
8.524002099999999700e+03 2.813687684082024767e-47
8.550220699999999852e+03 2.831001130365409089e-47
8.576520000000000437e+03 2.848421157842404148e-47
8.602900100000000748e+03 2.865948579048024599e-47
8.629361399999999776e+03 2.883583997174169234e-47
8.655904099999999744e+03 2.901328018256528906e-47
8.682528500000000349e+03 2.919181359243601116e-47
8.709234700000000885e+03 2.937144849666624003e-47
8.736023100000000341e+03 2.955218889705624703e-47
8.762893799999999828e+03 2.973404316002760829e-47
8.789847200000000157e+03 2.991701751995401445e-47
8.816883599999999205e+03 3.010112043502144020e-47
8.844003000000000611e+03 3.028635601707681169e-47
8.871205900000000838e+03 3.047273390068996190e-47
8.898492500000000291e+03 3.066026046837263854e-47
8.925862999999999374e+03 3.084894213246975857e-47
8.953317699999999604e+03 3.103878644951296009e-47
8.980856799999999566e+03 3.122979990209641186e-47
9.008480700000000070e+03 3.142199012413041097e-47
9.036189500000000407e+03 3.161536479361763676e-47
9.063983500000000276e+03 3.180993163286436390e-47
9.091862999999999374e+03 3.200569614574929009e-47
9.119828299999999217e+03 3.220266839286025286e-47
9.147879600000000210e+03 3.240085281532008684e-47
9.176017200000000230e+03 3.260025842516496417e-47
9.204241299999999683e+03 3.280089314820095933e-47
9.232552200000000084e+03 3.300276380673024223e-47
9.260950300000000425e+03 3.320587840709764210e-47
9.289435600000000704e+03 3.341024500147216270e-47
9.318008599999999205e+03 3.361587052848024612e-47
9.346669499999999971e+03 3.382276195875600513e-47
9.375418499999999767e+03 3.403092979521224609e-47
9.404255999999999403e+03 3.424037876447841126e-47
9.433182099999999991e+03 3.445111829255625249e-47
9.462197299999999814e+03 3.466315668930624823e-47
9.491301600000000690e+03 3.487650231181560728e-47
9.520495500000000902e+03 3.509116119510849036e-47
9.549779200000000856e+03 3.530714295794595745e-47
9.579153000000000247e+03 3.552445608940816203e-47
9.608617099999999482e+03 3.574310793091599671e-47
9.638171800000000076e+03 3.596310585747008971e-47
9.667817499999999200e+03 3.618446088697440935e-47
9.697554299999999785e+03 3.640717928843043978e-47
9.727382600000000821e+03 3.663126977107984443e-47
9.757302700000000186e+03 3.685673987901503724e-47
9.787314700000000812e+03 3.708360084445636412e-47
9.817419099999999162e+03 3.731185909232355983e-47
9.847616099999999278e+03 3.754152351815043914e-47
9.877906000000000859e+03 3.777260183817561318e-47
9.908289000000000669e+03 3.800510550254961250e-47
9.938765499999999520e+03 3.823904109500176179e-47
9.969335699999999633e+03 3.847441894118001167e-47
1.000000000000000000e+04 3.871124569963044228e-47
