5.000000000000000000e+00 1.268221096616464078e-47
5.011529999999999596e+00 1.248682296216601059e-47
5.023086700000000349e+00 1.229456676104880995e-47
5.034669899999999920e+00 1.210537888056225125e-47
5.046279900000000040e+00 1.191920799930436071e-47
5.057916699999999821e+00 1.173604397568100066e-47
5.069580300000000150e+00 1.155581293920963785e-47
5.081270800000000420e+00 1.137845462761225256e-47
5.092988199999999743e+00 1.120392256452120684e-47
5.104732699999999568e+00 1.103220813293824022e-47
5.116504199999999614e+00 1.086324091843761049e-47
5.128302900000000442e+00 1.069696499626224992e-47
5.140128800000000275e+00 1.053333645830404023e-47
5.151982000000000284e+00 1.037234873989161059e-47
5.163862499999999578e+00 1.021393532725503978e-47
5.175770400000000215e+00 1.005804372507561010e-47
5.187705799999999812e+00 9.904631801406250630e-48
5.199668700000000143e+00 9.753696769662809062e-48
5.211659199999999714e+00 9.605174525906560529e-48
5.223677300000000301e+00 9.459013953601000915e-48
5.235723100000000407e+00 9.315177676421759461e-48
5.247796799999999706e+00 9.173664574113639182e-48
5.259898200000000301e+00 9.034413434046008429e-48
5.272027600000000369e+00 8.897375628839610189e-48
5.284184899999999629e+00 8.762515847932089905e-48
5.296370300000000420e+00 8.629835700027240113e-48
5.308583800000000075e+00 8.499275534692890762e-48
5.320825400000000371e+00 8.370790827177610429e-48
5.333095300000000094e+00 8.244347610727840563e-48
5.345393399999999851e+00 8.119950020166760919e-48
5.357719900000000202e+00 7.997540448859289112e-48
5.370074899999999651e+00 7.877076531769000396e-48
5.382458299999999696e+00 7.758526694734240318e-48
5.394870300000000007e+00 7.641897408163241191e-48
5.407310899999999698e+00 7.527132996556410874e-48
5.419780199999999937e+00 7.414192578702250623e-48
5.432278300000000115e+00 7.303046832224999564e-48
5.444805099999999953e+00 7.193704932928890400e-48
5.457360900000000292e+00 7.086112497810090143e-48
5.469945599999999963e+00 6.980231106961291504e-48
5.482559400000000416e+00 6.876033008404809086e-48
5.495202199999999593e+00 6.773529883120360921e-48
5.507874199999999831e+00 6.672669088801000732e-48
5.520575400000000243e+00 6.573412968142240178e-48
5.533305799999999941e+00 6.475736276110240138e-48
5.546065699999999765e+00 6.379653011006250836e-48
5.558855000000000324e+00 6.285111675156250664e-48
5.571673699999999840e+00 6.192076331576888893e-48
5.584521999999999764e+00 6.100522589836959828e-48
5.597400000000000375e+00 6.010468572900490107e-48
5.610307599999999617e+00 5.921862872748840321e-48
5.623245100000000107e+00 5.834670685339690932e-48
5.636212300000000397e+00 5.748870341472040123e-48
5.649209400000000159e+00 5.664480920289000757e-48
5.662236599999999953e+00 5.581453027598009602e-48
5.675293700000000108e+00 5.499753381118089473e-48
5.688380999999999688e+00 5.419360048713610343e-48
5.701498499999999581e+00 5.340296708827240538e-48
5.714646100000000395e+00 5.262513996289000072e-48
5.727824199999999699e+00 5.185978692895359942e-48
5.741032599999999597e+00 5.110671801720250318e-48
5.754271400000000369e+00 5.036619461473960170e-48
5.767540799999999912e+00 4.963771896665760783e-48
5.780840800000000002e+00 4.892097725395689470e-48
5.794171500000000030e+00 4.821578481966489540e-48
5.807532899999999998e+00 4.752243913281640667e-48
5.820925100000000185e+00 4.684044288784090358e-48
5.834348199999999984e+00 4.616948647713960234e-48
5.847802299999999676e+00 4.550939450507609716e-48
5.861287299999999867e+00 4.486050657294010413e-48
5.874803499999999623e+00 4.422231309264040272e-48
5.888350800000000440e+00 4.359452102486010098e-48
5.901929400000000214e+00 4.297695514214560290e-48
5.915539299999999834e+00 4.237000268006249534e-48
5.929180599999999579e+00 4.177313829564840007e-48
5.942853300000000338e+00 4.118607636886090581e-48
5.956557600000000008e+00 4.060864989217439541e-48
5.970293500000000364e+00 4.004128664817609909e-48
5.984060999999999630e+00 3.948345844980250309e-48
5.997860300000000144e+00 3.893486668863999723e-48
6.011691400000000129e+00 3.839536789096960601e-48
6.025554399999999866e+00 3.786542377216000447e-48
6.039449399999999635e+00 3.734449190267289765e-48
6.053376400000000324e+00 3.683228074606439931e-48
6.067335500000000437e+00 3.632864971257759222e-48
6.081326899999999647e+00 3.583411140099999547e-48
6.095350500000000338e+00 3.534809851881000727e-48
6.109406400000000126e+00 3.487032249184090331e-48
6.123494700000000179e+00 3.440064918977440646e-48
6.137615499999999891e+00 3.393963542803689363e-48
6.151768900000000428e+00 3.348670521931290401e-48
6.165955000000000297e+00 3.304155077022250644e-48
6.180173700000000103e+00 3.260405868808360240e-48
6.194425200000000409e+00 3.217482380249639879e-48
6.208709599999999718e+00 3.175324775524810349e-48
6.223026899999999806e+00 3.133902962258889954e-48
6.237377300000000346e+00 3.093205431751210110e-48
6.251760700000000170e+00 3.053296325318559280e-48
6.266177299999999839e+00 3.014113348848040644e-48
6.280627199999999632e+00 2.975626380000159931e-48
6.295110400000000439e+00 2.937823766865610239e-48
6.309626899999999594e+00 2.900775104822440494e-48
6.324176999999999715e+00 2.864415097238889970e-48
6.338760599999999634e+00 2.828712934132840152e-48
6.353377799999999631e+00 2.793658187775999645e-48
6.368028800000000267e+00 2.759323641089440370e-48
6.382713500000000373e+00 2.725642506303999958e-48
6.397432099999999622e+00 2.692582674462809571e-48
6.412184599999999790e+00 2.660134904063999864e-48
6.426971100000000270e+00 2.628375040056959901e-48
6.441791799999999846e+00 2.597234576198439881e-48
6.456646600000000014e+00 2.566680833064959788e-48
6.471535699999999558e+00 2.536704438912250127e-48
6.486459100000000255e+00 2.507385158256250115e-48
6.501416899999999721e+00 2.478651917502250058e-48
6.516409200000000013e+00 2.450472150722560131e-48
6.531436099999999634e+00 2.422836384043690202e-48
6.546497699999999753e+00 2.395827239716000261e-48
6.561593900000000090e+00 2.369371219886440064e-48
6.576724999999999710e+00 2.343436202577960185e-48
6.591891000000000389e+00 2.318013253505290133e-48
6.607091999999999743e+00 2.293185960063610334e-48
6.622328000000000436e+00 2.268880342168089739e-48
6.637599100000000085e+00 2.245063510632959940e-48
6.652905500000000139e+00 2.221727080006809934e-48
6.668247100000000316e+00 2.198955634233759927e-48
6.683624100000000290e+00 2.176674441522489820e-48
6.699036600000000341e+00 2.154850779480999887e-48
6.714484599999999581e+00 2.133476804934760117e-48
6.729968300000000347e+00 2.112636668477439736e-48
6.745487699999999975e+00 2.092255499661610109e-48
6.761042800000000241e+00 2.072301323401000034e-48
6.776633799999999930e+00 2.052766544954409982e-48
6.792260800000000209e+00 2.033734114190250349e-48
6.807923800000000192e+00 2.015130151987839812e-48
6.823622900000000158e+00 1.996923113500089949e-48
6.839358200000000387e+00 1.979105653887610173e-48
6.855129899999999665e+00 1.961758794383999826e-48
6.870937800000000095e+00 1.944810423573159780e-48
6.886782300000000134e+00 1.928229678170410243e-48
6.902663200000000110e+00 1.912009177617640046e-48
6.918580799999999975e+00 1.896228420703210167e-48
6.934535099999999730e+00 1.880816130612249951e-48
6.950526199999999655e+00 1.865742636899610052e-48
6.966554200000000030e+00 1.851001881534090162e-48
6.982619099999999968e+00 1.836669223501290339e-48
6.998721100000000028e+00 1.822676584277159962e-48
7.014860200000000212e+00 1.808995141123210108e-48
7.031036499999999911e+00 1.795619296051839942e-48
7.047250199999999687e+00 1.782621250022560274e-48
7.063501200000000146e+00 1.769935157398809703e-48
7.079789700000000074e+00 1.757534313832090080e-48
7.096115700000000359e+00 1.745413277652810055e-48
7.112479399999999785e+00 1.733639902341759901e-48
7.128880800000000129e+00 1.722152549325610100e-48
7.145320100000000174e+00 1.710925476552249924e-48
7.161797199999999641e+00 1.699953372270760114e-48
7.178312400000000260e+00 1.689300932307209851e-48
7.194865599999999972e+00 1.678909495110760198e-48
7.211457099999999620e+00 1.668754990808999816e-48
7.228086700000000420e+00 1.658832718666240016e-48
7.244754799999999939e+00 1.649203286211609950e-48
7.261461200000000282e+00 1.639811375821440024e-48
7.278206199999999626e+00 1.630634758761610201e-48
7.294989799999999747e+00 1.621669044635290004e-48
7.311812100000000036e+00 1.612971120784000011e-48
7.328673199999999888e+00 1.604488862529639888e-48
7.345573199999999581e+00 1.596202301280999841e-48
7.362512100000000004e+00 1.588107316521689727e-48
7.379490099999999941e+00 1.580256411806250071e-48
7.396507299999999674e+00 1.572601774769639734e-48
7.413563700000000090e+00 1.565124601240360176e-48
7.430659399999999692e+00 1.557821008129000265e-48
7.447794599999999932e+00 1.550740210483839988e-48
7.464969299999999919e+00 1.543837561158760162e-48
7.482183499999999654e+00 1.537096105290240131e-48
7.499437499999999979e+00 1.530512163037689932e-48
7.516731300000000005e+00 1.524131480071840214e-48
7.534064899999999732e+00 1.517912951703210135e-48
7.551438499999999721e+00 1.511840417588639788e-48
7.568852200000000252e+00 1.505911357473639724e-48
7.586306000000000438e+00 1.500167619856890251e-48
7.603800099999999951e+00 1.494571776718240055e-48
7.621334499999999679e+00 1.489108660332159931e-48
7.638909400000000183e+00 1.483776136712250162e-48
7.656524799999999686e+00 1.478613197109760120e-48
7.674180800000000247e+00 1.473585014351609960e-48
7.691877500000000367e+00 1.468677856856039870e-48
7.709615000000000329e+00 1.463889709551610060e-48
7.727393400000000412e+00 1.459256993608409883e-48
7.745212900000000289e+00 1.454747405866809668e-48
7.763073399999999680e+00 1.450348365276809952e-48
7.780975100000000033e+00 1.446057957962250084e-48
7.798918099999999853e+00 1.441910313138489956e-48
7.816902500000000309e+00 1.437875104464489689e-48
7.834928299999999624e+00 1.433941346234409958e-48
7.852995700000000134e+00 1.430106731118489742e-48
7.871104800000000346e+00 1.426403128769439924e-48
7.889255600000000257e+00 1.422802614406410121e-48
7.907448300000000430e+00 1.419294569622249918e-48
7.925682899999999975e+00 1.415877240760960211e-48
7.943959600000000343e+00 1.412580028104010143e-48
7.962278399999999756e+00 1.409376645280890101e-48
7.980639499999999664e+00 1.406257773134759849e-48
7.999042900000000067e+00 1.403221247436960065e-48
8.017488800000000637e+00 1.400294028936039949e-48
8.035977199999999598e+00 1.397452142465439814e-48
8.054508200000000784e+00 1.394686125604890008e-48
8.073081900000000033e+00 1.391994581515240027e-48
8.091698499999999683e+00 1.389401583949440145e-48
8.110358099999999126e+00 1.386885195388809911e-48
8.129060600000000747e+00 1.384436506992639783e-48
8.147806299999999169e+00 1.382054639907239831e-48
8.166595199999999721e+00 1.379760570350410198e-48
8.185427400000000020e+00 1.377534601329640112e-48
8.204303100000000626e+00 1.375369066777690270e-48
8.223222299999999763e+00 1.373262656396409929e-48
8.242185100000000375e+00 1.371235145006249889e-48
8.261191600000000079e+00 1.369268574806249935e-48
8.280241999999999436e+00 1.367356269468009990e-48
8.299336300000000222e+00 1.365497650734010185e-48
8.318474600000000052e+00 1.363710829068090264e-48
8.337657099999999488e+00 1.361979794113210171e-48
8.356883800000000306e+00 1.360299309969689979e-48
8.376154800000000122e+00 1.358668352532489988e-48
8.395470299999999497e+00 1.357105007652249955e-48
8.414830300000000207e+00 1.355594489999999805e-48
8.434234999999999260e+00 1.354131825380890103e-48
8.453684400000000210e+00 1.352716239806889742e-48
8.473178600000000671e+00 1.351365330309759841e-48
8.492717900000000597e+00 1.350065057928999826e-48
8.512302099999999427e+00 1.348810704965609738e-48
8.531931600000000060e+00 1.347601511733760122e-48
8.551606299999999550e+00 1.346454359571240145e-48
8.571326300000000842e+00 1.345355715088089765e-48
8.591091900000000336e+00 1.344300417936089972e-48
8.610903000000000418e+00 1.343288185809609987e-48
8.630759799999999871e+00 1.342334727308890081e-48
8.650662399999999863e+00 1.341427240000000022e-48
8.670610899999999788e+00 1.340560351580490132e-48
8.690605400000000813e+00 1.339734022973439773e-48
8.710646000000000555e+00 1.338962796787360285e-48
8.730732800000000182e+00 1.338234131948490016e-48
8.750866000000000255e+00 1.337543367788410196e-48
8.771045499999999606e+00 1.336890243856089957e-48
8.791271599999999964e+00 1.336287910832640130e-48
8.811544400000000721e+00 1.335725008254490241e-48
8.831863800000000708e+00 1.335197120353290135e-48
8.852230199999999272e+00 1.334703764318440041e-48
8.872643500000000572e+00 1.334257165100250182e-48
8.893103899999999840e+00 1.333846442975290079e-48
8.913611400000000629e+00 1.333467886177440138e-48
8.934166299999999339e+00 1.333120788272250010e-48
8.954768599999999523e+00 1.332816219947559906e-48
8.975418299999999405e+00 1.332544470009210169e-48
8.996115700000000714e+00 1.332302065665209839e-48
9.016860799999999898e+00 1.332088075585439878e-48
9.037653799999999293e+00 1.331912879676089852e-48
9.058494700000000677e+00 1.331767238092839913e-48
9.079383599999999888e+00 1.331648145664359937e-48
9.100320800000000432e+00 1.331554906472039791e-48
9.121306199999999365e+00 1.331496518244010110e-48
9.142340000000000799e+00 1.331464901437440035e-48
9.163422300000000575e+00 1.331457054988839936e-48
9.184553199999999862e+00 1.331472517130249875e-48
9.205732799999999827e+00 1.331519134876090020e-48
9.226961299999999255e+00 1.331589986181160117e-48
9.248238799999999316e+00 1.331682072616089949e-48
9.269565300000000008e+00 1.331794934769640033e-48
9.290941000000000116e+00 1.331935730663040148e-48
9.312366000000000810e+00 1.332097770557159811e-48
9.333840300000000312e+00 1.332278749838439989e-48
9.355364200000000352e+00 1.332478441498090226e-48
9.376937800000000323e+00 1.332702621870759952e-48
9.398561100000000224e+00 1.332945755369289913e-48
9.420234199999999447e+00 1.333205537883039923e-48
9.441957399999999723e+00 1.333481743319039989e-48
9.463730599999999882e+00 1.333779458299690068e-48
9.485554000000000485e+00 1.334093607882090218e-48
9.507427800000000317e+00 1.334422349583999954e-48
9.529351999999999379e+00 1.334765226656159813e-48
9.551326700000000613e+00 1.335127097528999799e-48
9.573352200000000423e+00 1.335502885088160017e-48
9.595428399999999414e+00 1.335891439379289788e-48
9.617555499999999924e+00 1.336292072361000099e-48
9.639733700000000738e+00 1.336708720385439858e-48
9.661963000000000079e+00 1.337137459331560131e-48
9.684243499999999116e+00 1.337576675832249938e-48
9.706575499999999579e+00 1.338026143668640061e-48
9.728958900000000298e+00 1.338489107374810030e-48
9.751393999999999451e+00 1.338962102506089889e-48
9.773880800000000590e+00 1.339443745523559845e-48
9.796419399999999555e+00 1.339933809536010093e-48
9.819010000000000460e+00 1.340434846212250100e-48
9.841652699999999143e+00 1.340944082473960240e-48
9.864347699999999719e+00 1.341460133081639895e-48
9.887094899999999242e+00 1.341983001912009868e-48
9.909894599999999443e+00 1.342514315028640052e-48
9.932746899999999712e+00 1.343051759581209966e-48
9.955651899999999443e+00 1.343594643706089890e-48
9.978609699999999805e+00 1.344142506886559965e-48
1.000162000000000084e+01 1.344696511710250223e-48
1.002468400000000059e+01 1.345255038111690233e-48
1.004780099999999976e+01 1.345817392779690170e-48
1.007097199999999937e+01 1.346383113906249947e-48
1.009419499999999914e+01 1.346952899888999876e-48
1.011747300000000038e+01 1.347525360236160204e-48
1.014080399999999926e+01 1.348100264359840086e-48
1.016418799999999933e+01 1.348676916950249944e-48
1.018762700000000088e+01 1.349255551365159917e-48
1.021111999999999931e+01 1.349835471705640157e-48
1.023466699999999996e+01 1.350415981475999934e-48
1.025826799999999928e+01 1.350997080976000041e-48
1.028192400000000006e+01 1.351578305476000047e-48
1.030563399999999952e+01 1.352158957281689784e-48
1.032939900000000044e+01 1.352739035943610151e-48
1.035321800000000003e+01 1.353318308348410112e-48
1.037709300000000034e+01 1.353895610328039979e-48
1.040102300000000035e+01 1.354471173306250027e-48
1.042500700000000080e+01 1.355044763283210060e-48
1.044904799999999945e+01 1.355616146066489838e-48
1.047314300000000031e+01 1.356183922719609813e-48
1.049729400000000012e+01 1.356748556820250219e-48
1.052150100000000066e+01 1.357309813324960082e-48
1.054576400000000014e+01 1.357867690065640118e-48
1.057008199999999931e+01 1.358420320066409993e-48
1.059445700000000024e+01 1.358968166354410141e-48
1.061888800000000010e+01 1.359511692361000025e-48
1.064337500000000070e+01 1.360050662186410013e-48
1.066791899999999949e+01 1.360582740176040183e-48
1.069251900000000077e+01 1.361108855556489876e-48
1.071717600000000026e+01 1.361629471565439965e-48
1.074188999999999972e+01 1.362144351568359864e-48
1.076666099999999915e+01 1.362650924136960041e-48
1.079148900000000033e+01 1.363150118616040056e-48
1.081637399999999971e+01 1.363642865101439930e-48
1.084131700000000009e+01 1.364128692864639919e-48
1.086631700000000045e+01 1.364604794569000057e-48
1.089137500000000003e+01 1.365072567114239960e-48
1.091649100000000061e+01 1.365532707312010132e-48
1.094166399999999939e+01 1.365984977512960100e-48
1.096689600000000020e+01 1.366425866940840235e-48
1.099218499999999921e+01 1.366857474478239850e-48
1.101753300000000024e+01 1.367280497279289967e-48
1.104293999999999976e+01 1.367694931328009761e-48
1.106840500000000027e+01 1.368096561923560123e-48
1.109392899999999926e+01 1.368487723046440323e-48
1.111951200000000028e+01 1.368869580168999690e-48
1.114515300000000053e+01 1.369241661315999811e-48
1.117085400000000028e+01 1.369599749401000161e-48
1.119661400000000029e+01 1.369946647987840157e-48
1.122243399999999980e+01 1.370283055162809739e-48
1.124831299999999956e+01 1.370608967046010203e-48
1.127425099999999958e+01 1.370919696423839992e-48
1.130025000000000013e+01 1.371218282694090043e-48
1.132630799999999915e+01 1.371505658769000052e-48
1.135242700000000049e+01 1.371781586868639991e-48
1.137860599999999955e+01 1.372041378158889851e-48
1.140484499999999990e+01 1.372288073809000262e-48
1.143114399999999975e+01 1.372522607518409896e-48
1.145750499999999938e+01 1.372745210492410046e-48
1.148392600000000030e+01 1.372950489862089763e-48
1.151040799999999997e+01 1.373141722807689910e-48
1.153695100000000018e+01 1.373320312656249738e-48
1.156355499999999914e+01 1.373486022547239892e-48
1.159022099999999966e+01 1.373633693249440243e-48
1.161694800000000072e+01 1.373766369252840022e-48
1.164373699999999978e+01 1.373885689363690176e-48
1.167058699999999938e+01 1.373991651841210051e-48
1.169749999999999979e+01 1.374078159636640127e-48
1.172447400000000073e+01 1.374149430977439949e-48
1.175151100000000071e+01 1.374206636943359753e-48
1.177861000000000047e+01 1.374249542199210235e-48
1.180577199999999927e+01 1.374272519059690069e-48
1.183299599999999963e+01 1.374279318371559927e-48
1.186028300000000080e+01 1.374271581224890017e-48
1.188763299999999923e+01 1.374248838828960149e-48
1.191504600000000025e+01 1.374205464678009945e-48
1.194252200000000030e+01 1.374145210912359847e-48
1.197006099999999940e+01 1.374069719731839979e-48
1.199766400000000033e+01 1.373978992392249963e-48
1.202533099999999955e+01 1.373866700944360080e-48
1.205306200000000061e+01 1.373737067464089893e-48
1.208085600000000071e+01 1.373591735210889808e-48
1.210871500000000012e+01 1.373430472290250141e-48
1.213663700000000034e+01 1.373246719107209897e-48
1.216462499999999913e+01 1.373045401608040044e-48
1.219267600000000051e+01 1.372827695335290068e-48
1.222079300000000046e+01 1.372593838506250072e-48
1.224897400000000047e+01 1.372337040730409871e-48
1.227721999999999980e+01 1.372061759580160174e-48
1.230553199999999947e+01 1.371769874585640074e-48
1.233390799999999921e+01 1.371461391054809953e-48
1.236234999999999928e+01 1.371129288875289932e-48
1.239085799999999971e+01 1.370778259845760026e-48
1.241943099999999944e+01 1.370410418412089754e-48
1.244807100000000055e+01 1.370025537264810212e-48
1.247677599999999920e+01 1.369616367697209876e-48
1.250554799999999922e+01 1.369188069153610080e-48
1.253438599999999958e+01 1.368742522529290164e-48
1.256329000000000029e+01 1.368279502331039948e-48
1.259226100000000059e+01 1.367792000296960098e-48
1.262129900000000049e+01 1.367284940652160142e-48
1.265040399999999998e+01 1.366760204859040153e-48
1.267957600000000085e+01 1.366217803150239976e-48
1.270881499999999953e+01 1.365650500710250119e-48
1.273812099999999958e+01 1.365063453896489951e-48
1.276749599999999951e+01 1.364458544480160119e-48
1.279693800000000081e+01 1.363835550855690083e-48
1.282644699999999993e+01 1.363187480158440056e-48
1.285602500000000070e+01 1.362519252899999768e-48
1.288567100000000032e+01 1.361833217971209752e-48
1.291538599999999981e+01 1.361129155615360196e-48
1.294516899999999993e+01 1.360399148682250093e-48
1.297502000000000066e+01 1.359649514808009803e-48
1.300494100000000053e+01 1.358881669236639797e-48
1.303492999999999924e+01 1.358095627576960262e-48
1.306498900000000063e+01 1.357283716635039844e-48
1.309511700000000012e+01 1.356451783157609931e-48
1.312531399999999948e+01 1.355601941530240147e-48
1.315558200000000078e+01 1.354734208830250105e-48
1.318591799999999914e+01 1.353839992243689766e-48
1.321632499999999943e+01 1.352926064562250084e-48
1.324680200000000063e+01 1.351994771559609762e-48
1.327734899999999918e+01 1.351045434087039902e-48
1.330796699999999966e+01 1.350069240855040125e-48
1.333865499999999926e+01 1.349074351811559989e-48
1.336941400000000080e+01 1.348063110145440019e-48
1.340024400000000071e+01 1.347035534665960240e-48
1.343114500000000078e+01 1.345981667060250083e-48
1.346211800000000025e+01 1.344906409401000027e-48
1.349316199999999988e+01 1.343812569978489754e-48
1.352427699999999966e+01 1.342701330750010022e-48
1.355546400000000062e+01 1.341570165686889864e-48
1.358672299999999922e+01 1.340420489884089904e-48
1.361805400000000077e+01 1.339253485025440096e-48
1.364945699999999995e+01 1.338069405750250087e-48
1.368093299999999957e+01 1.336864806703690093e-48
1.371248100000000036e+01 1.335643183420090242e-48
1.374410300000000085e+01 1.334406177225000036e-48
1.377579700000000074e+01 1.333154272129000122e-48
1.380756399999999928e+01 1.331884489328999868e-48
1.383940400000000004e+01 1.330600315772249872e-48
1.387131800000000048e+01 1.329303617888489929e-48
1.390330499999999958e+01 1.327995106336890076e-48
1.393536600000000014e+01 1.326673878056890173e-48
1.396750100000000039e+01 1.325343176460250006e-48
1.399971000000000032e+01 1.324004857846810199e-48
1.403199399999999919e+01 1.322660314858090068e-48
1.406435199999999952e+01 1.321313006462439884e-48
1.409678399999999954e+01 1.319965925065290153e-48
1.412929199999999952e+01 1.318621138331289910e-48
1.416187399999999919e+01 1.317280939257959863e-48
1.419453099999999957e+01 1.315959087686760043e-48
1.422726399999999991e+01 1.314657620859040124e-48
1.426007199999999919e+01 1.313380405989609804e-48
1.429295600000000022e+01 1.312132906965689875e-48
1.432591599999999943e+01 1.310951721023999957e-48
1.435895099999999935e+01 1.309842481772249921e-48
1.439206300000000027e+01 1.308813335542439794e-48
1.442525099999999938e+01 1.307880199150810208e-48
1.445851599999999948e+01 1.307148838297210134e-48
1.449185800000000057e+01 1.306646975099559902e-48
1.452527599999999985e+01 1.306406937938560019e-48
1.455877100000000013e+01 1.306485576255999812e-48
1.459234400000000065e+01 1.307268659522249903e-48
1.462599400000000038e+01 1.308976251025000151e-48
1.465972200000000036e+01 1.311777372912249967e-48
1.469352699999999956e+01 1.315992125888999819e-48
1.472741000000000078e+01 1.323945024509609795e-48
1.476137199999999972e+01 1.339144010353209920e-48
1.479541200000000067e+01 1.418712301628410219e-48
1.482953000000000010e+01 1.651502314642409998e-48
1.486372700000000080e+01 2.807563979893690739e-48
1.489800299999999922e+01 4.321351649553209192e-48
1.493235800000000069e+01 5.305607795490249571e-48
1.496679199999999987e+01 4.782958065006250220e-48
1.500130599999999959e+01 3.003678937656250548e-48
1.503589900000000057e+01 1.931429244225689955e-48
1.507057200000000030e+01 1.449182351636010007e-48
1.510532399999999953e+01 1.353254791707040155e-48
1.514015700000000031e+01 1.319638279776010193e-48
1.517507100000000086e+01 1.298128220928490034e-48
1.521006500000000017e+01 1.283784173763999802e-48
1.524513900000000000e+01 1.273955563372959882e-48
1.528029500000000063e+01 1.266869330698410163e-48
1.531553100000000001e+01 1.261026359888490095e-48
1.535084900000000019e+01 1.255994266232249974e-48
1.538624800000000015e+01 1.251543388175999869e-48
1.542172899999999913e+01 1.247601652128809821e-48
1.545729099999999967e+01 1.243939371592090132e-48
1.549293600000000026e+01 1.240476484782240082e-48
1.552866299999999988e+01 1.237171247523999789e-48
1.556447200000000031e+01 1.234011272632360065e-48
1.560036400000000079e+01 1.230935885100250109e-48
1.563633800000000029e+01 1.227923064065609994e-48
1.567239600000000088e+01 1.224961082976159967e-48
1.570853699999999975e+01 1.222043801428810110e-48
1.574476100000000045e+01 1.219152522425760042e-48
1.578106799999999943e+01 1.216280328200999877e-48
1.581745899999999949e+01 1.213422977403040068e-48
1.585393499999999989e+01 1.210574488173210000e-48
1.589049400000000034e+01 1.207729785849759968e-48
1.592713700000000010e+01 1.204887332136959958e-48
1.596386599999999945e+01 1.202045376710890058e-48
1.600067800000000062e+01 1.199196921162250208e-48
1.603757600000000139e+01 1.196342875605159865e-48
1.607455900000000071e+01 1.193483709102240014e-48
1.611162699999999859e+01 1.190618361101159769e-48
1.614877999999999858e+01 1.187739673324089944e-48
1.618601999999999919e+01 1.184850972273960229e-48
1.622334499999999835e+01 1.181953611893610124e-48
1.626075600000000065e+01 1.179046985424490219e-48
1.629825299999999899e+01 1.176123548759290224e-48
1.633583700000000150e+01 1.173188143671609947e-48
1.637350800000000106e+01 1.170242343150760013e-48
1.641126500000000021e+01 1.167285984182010040e-48
1.644911000000000101e+01 1.164311351862760085e-48
1.648704100000000139e+01 1.161323703197289784e-48
1.652506100000000089e+01 1.158324825024999957e-48
1.656316800000000100e+01 1.155314990793640108e-48
1.660136200000000173e+01 1.152286314915999910e-48
1.663964500000000157e+01 1.149244247189609912e-48
1.667801599999999951e+01 1.146191211850240082e-48
1.671647600000000011e+01 1.143127054909439812e-48
1.675502399999999881e+01 1.140043722620890054e-48
1.679366200000000120e+01 1.136947280495289849e-48
1.683238800000000168e+01 1.133840141652490085e-48
1.687120300000000128e+01 1.130722154657640041e-48
1.691010899999999850e+01 1.127585311635239996e-48
1.694910300000000092e+01 1.124435859393640019e-48
1.698818800000000095e+01 1.121275986970239900e-48
1.702736300000000114e+01 1.118105968468089971e-48
1.706662800000000146e+01 1.114917629891559894e-48
1.710598399999999941e+01 1.111717184400000099e-48
1.714543099999999853e+01 1.108507020163560141e-48
1.718496800000000135e+01 1.105287199336960009e-48
1.722459699999999927e+01 1.102049805967360164e-48
1.726431699999999836e+01 1.098801227463840233e-48
1.730412799999999862e+01 1.095543837133290115e-48
1.734403199999999856e+01 1.092277486592640060e-48
1.738402699999999967e+01 1.088994515401000121e-48
1.742411500000000046e+01 1.085700855718090135e-48
1.746429499999999990e+01 1.082399283609639867e-48
1.750456799999999902e+01 1.079089858056250170e-48
1.754493400000000136e+01 1.075765170480999906e-48
1.758539199999999880e+01 1.072430700073290061e-48
1.762594500000000153e+01 1.069088170675840109e-48
1.766658999999999935e+01 1.065738263715999955e-48
1.770732900000000143e+01 1.062375472655999961e-48
1.774816300000000169e+01 1.059004411504359866e-48
1.778909000000000162e+01 1.055626583481609959e-48
1.783011199999999974e+01 1.052242251889959780e-48
1.787122799999999856e+01 1.048845738944890179e-48
1.791243899999999911e+01 1.045442037985959951e-48
1.795374599999999887e+01 1.042033048320040106e-48
1.799514699999999934e+01 1.038618619176960094e-48
1.803664399999999901e+01 1.035193514069159815e-48
1.807823700000000144e+01 1.031762486200409930e-48
1.811992499999999851e+01 1.028327215786089941e-48
1.816170999999999935e+01 1.024888157529760023e-48
1.820359099999999941e+01 1.021439901701610014e-48
1.824556899999999970e+01 1.017986963371559922e-48
1.828764299999999920e+01 1.014531410360250149e-48
1.832981399999999894e+01 1.011073084753690060e-48
1.837208299999999994e+01 1.007607614171560053e-48
1.841444900000000118e+01 1.004139274556249921e-48
1.845691300000000012e+01 1.000669311957159910e-48
1.849947500000000034e+01 9.971985647628899552e-49
1.854213499999999826e+01 9.937225227239422780e-49
1.858489300000000100e+01 9.902452654500623407e-49
1.862774999999999892e+01 9.867684007871087150e-49
1.867070599999999914e+01 9.832921968310280439e-49
1.871376100000000164e+01 9.798131585902143103e-49
1.875691499999999934e+01 9.763349699792896462e-49
1.880016799999999932e+01 9.728590599769923893e-49
1.884352200000000011e+01 9.693858039441662711e-49
1.888697499999999962e+01 9.659125476722498092e-49
1.893052799999999891e+01 9.624425228264023862e-49
1.897418199999999899e+01 9.589770578535875940e-49
1.901793699999999987e+01 9.555165919779841407e-49
1.906179200000000051e+01 9.520595512984521134e-49
1.910574899999999943e+01 9.486086977937024058e-49
1.914980699999999914e+01 9.451652179673665718e-49
1.919396700000000067e+01 9.417296297990025881e-49
1.923822799999999944e+01 9.383018468824322602e-49
1.928259200000000106e+01 9.348840845875216457e-49
1.932705699999999993e+01 9.314773259903329181e-49
1.937162599999999912e+01 9.280822578524675402e-49
1.941629700000000014e+01 9.247009464922382581e-49
1.946107100000000045e+01 9.213349054660865710e-49
1.950594800000000006e+01 9.179849472563959532e-49
1.955092900000000000e+01 9.146520503578248279e-49
1.959601400000000027e+01 9.113415390924101775e-49
1.964120199999999983e+01 9.080541631599375548e-49
1.968649500000000074e+01 9.047906095912325324e-49
1.973189199999999843e+01 9.015523958712769296e-49
1.977739400000000103e+01 8.983503170446335022e-49
1.982300100000000143e+01 8.951843057072400694e-49
1.986871299999999962e+01 8.920550886974224074e-49
1.991452999999999918e+01 8.889654247911368344e-49
1.996045399999999859e+01 8.859362201914225286e-49
2.000648199999999832e+01 8.829670234005623037e-49
2.005261799999999894e+01 8.800593216921529488e-49
2.009885900000000092e+01 8.772186421322401247e-49
2.014520699999999920e+01 8.744873619812841549e-49
2.019166200000000089e+01 8.718671008382976294e-49
2.023822399999999888e+01 8.693626178306688058e-49
2.028489400000000131e+01 8.669871732725316795e-49
2.033167100000000005e+01 8.648367611559999204e-49
2.037855599999999967e+01 8.629276842997800424e-49
2.042554900000000018e+01 8.612789184552996698e-49
2.047265000000000157e+01 8.599297267900816734e-49
2.051986099999999880e+01 8.591460940937956840e-49
2.056718000000000046e+01 8.590349807539600291e-49
2.061460800000000049e+01 8.596891772330625894e-49
2.066214499999999887e+01 8.612691925068100139e-49
2.070979200000000020e+01 8.648128053977342474e-49
2.075754900000000092e+01 8.712313970409730449e-49
2.080541600000000102e+01 8.817717067289998699e-49
2.085339400000000154e+01 8.982926340446602168e-49
2.090148200000000145e+01 9.325761809760256385e-49
2.094968100000000177e+01 9.931013988907729170e-49
2.099799099999999896e+01 1.129806579436959925e-48
2.104641200000000012e+01 1.426816632732490133e-48
2.109494499999999917e+01 2.353516810629760037e-48
2.114359100000000069e+01 3.336162524772249196e-48
2.119234799999999908e+01 3.908819624402249844e-48
2.124121799999999993e+01 3.644783466118560575e-48
2.129019999999999868e+01 2.383854786291689643e-48
2.133929499999999990e+01 1.407579840376090098e-48
2.138850400000000107e+01 9.615755362961762237e-49
2.143782600000000116e+01 8.647347096978768722e-49
2.148726200000000119e+01 8.377259642171640359e-49
2.153681200000000118e+01 8.194596929624170560e-49
2.158647600000000111e+01 8.061204365324100376e-49
2.163625400000000099e+01 7.957310976545120644e-49
2.168614799999999931e+01 7.877983984128064888e-49
2.173615600000000114e+01 7.811444387405374329e-49
2.178628000000000142e+01 7.753636179810757407e-49
2.183651899999999912e+01 7.702467915327024078e-49
2.188687399999999883e+01 7.657670190853225675e-49
2.193734600000000157e+01 7.616601663644735822e-49
2.198793300000000173e+01 7.578333277426130860e-49
2.203863799999999884e+01 7.542416694079743400e-49
2.208945900000000151e+01 7.508999077379359470e-49
2.214039700000000011e+01 7.477205305597223562e-49
2.219145299999999921e+01 7.446717258164496485e-49
2.224262699999999882e+01 7.417398323213760533e-49
2.229391899999999893e+01 7.389424698068168060e-49
2.234532799999999853e+01 7.362404841064849801e-49
2.239685700000000068e+01 7.336193327799561285e-49
2.244850399999999979e+01 7.310739068179599055e-49
2.250027100000000146e+01 7.286213169425125333e-49
2.255215700000000112e+01 7.262388234804607119e-49
2.260416199999999876e+01 7.239179169889955771e-49
2.265628699999999895e+01 7.216564853434687732e-49
2.270853299999999919e+01 7.194713665868964834e-49
2.276089899999999844e+01 7.173461200978942910e-49
2.281338600000000127e+01 7.152745576096835083e-49
2.286599400000000060e+01 7.132558009707728066e-49
2.291872299999999996e+01 7.113068776458119119e-49
2.297157400000000038e+01 7.094138340517265065e-49
2.302454600000000084e+01 7.075714271080224558e-49
2.307764099999999985e+01 7.057792673848898280e-49
2.313085799999999992e+01 7.040549778944254161e-49
2.318419799999999853e+01 7.023853609532356209e-49
2.323766099999999923e+01 7.007655413827599774e-49
2.329124699999999848e+01 6.991953534881603660e-49
2.334495700000000085e+01 6.976931127456675628e-49
2.339879099999999923e+01 6.962457220995600483e-49
2.345274799999999971e+01 6.948482975868721817e-49
2.350683099999999826e+01 6.935008263229807296e-49
2.356103799999999993e+01 6.922223193610200124e-49
2.361536999999999864e+01 6.909994054387874393e-49
2.366982700000000150e+01 6.898270896988899197e-49
2.372440999999999889e+01 6.887054451381840809e-49
2.377911800000000042e+01 6.876541196057569422e-49
2.383395300000000105e+01 6.866593143578280770e-49
2.388891399999999976e+01 6.857159067441225309e-49
2.394400200000000112e+01 6.848239577236281133e-49
2.399921700000000158e+01 6.840036801385225578e-49
2.405455999999999861e+01 6.832408114857923016e-49
2.411002999999999830e+01 6.825300516852128192e-49
2.416562800000000166e+01 6.818714686609081292e-49
2.422135400000000161e+01 6.812856717480960314e-49
2.427720800000000168e+01 6.807579469915249127e-49
2.433319200000000038e+01 6.802828825023169035e-49
2.438930399999999921e+01 6.798604893044408646e-49
2.444554600000000022e+01 6.795116067060036505e-49
2.450191799999999986e+01 6.792211786095375295e-49
2.455842000000000169e+01 6.789836632216224819e-49
2.461505100000000112e+01 6.787990163347600833e-49
2.467181400000000124e+01 6.786881249200900259e-49
2.472870699999999999e+01 6.786356812146409594e-49
2.478573199999999943e+01 6.786360436838161259e-49
2.484288799999999853e+01 6.786891629403649625e-49
2.490017599999999831e+01 6.788156920233983577e-49
2.495759599999999878e+01 6.790002093357961634e-49
2.501514799999999994e+01 6.792370847737281255e-49
2.507283299999999926e+01 6.795261973357641723e-49
2.513065200000000132e+01 6.798877652464248489e-49
2.518860300000000052e+01 6.803064222876100590e-49
2.524668799999999891e+01 6.807765444345855954e-49
2.530490700000000004e+01 6.812980032845284091e-49
2.536326100000000139e+01 6.818903125222499530e-49
2.542174800000000090e+01 6.825383628174400303e-49
2.548037100000000166e+01 6.832365793831875772e-49
2.553912899999999908e+01 6.839847905577128569e-49
2.559802300000000130e+01 6.848016474024051112e-49
2.565705200000000019e+01 6.856723835683568620e-49
2.571621700000000033e+01 6.865916319680624375e-49
2.577551899999999918e+01 6.875591075225857672e-49
2.583495699999999928e+01 6.885923699509157422e-49
2.589453299999999913e+01 6.896772485082481304e-49
2.595424600000000126e+01 6.908085438401448449e-49
2.601409699999999958e+01 6.919859187147480150e-49
2.607408500000000018e+01 6.932256741030626480e-49
2.613421200000000155e+01 6.945142906450574865e-49
2.619447800000000015e+01 6.958468628814095306e-49
2.625488299999999953e+01 6.972229793014640471e-49
2.631542699999999968e+01 6.986575262661695753e-49
2.637611000000000061e+01 7.001377937532167286e-49
2.643693400000000082e+01 7.016591642949604344e-49
2.649789799999999929e+01 7.032211963141226067e-49
2.655900199999999955e+01 7.048371502976400135e-49
2.662024699999999910e+01 7.064953206332177506e-49
2.668163399999999896e+01 7.081913893275663817e-49
2.674316200000000165e+01 7.099248789561599430e-49
2.680483200000000110e+01 7.117073081386008051e-49
2.686664400000000086e+01 7.135280406006920175e-49
2.692859899999999840e+01 7.153831377105624835e-49
2.699069599999999980e+01 7.172720466367224924e-49
2.705293700000000001e+01 7.192044745493774875e-49
2.711532100000000156e+01 7.211708888211961075e-49
2.717784899999999837e+01 7.231678122447076755e-49
2.724052199999999857e+01 7.251946107572879905e-49
2.730333800000000011e+01 7.272589879629361117e-49
2.736629999999999896e+01 7.293527224622500688e-49
2.742940700000000120e+01 7.314727294340041075e-49
2.749265899999999974e+01 7.336183049613442169e-49
2.755605800000000016e+01 7.357951062249999081e-49
2.761960200000000043e+01 7.379962135770436867e-49
2.768329299999999904e+01 7.402190026632359754e-49
2.774713099999999955e+01 7.424626947375624900e-49
2.781111599999999839e+01 7.447308041097369419e-49
2.787524900000000017e+01 7.470177743436099626e-49
2.793952900000000028e+01 7.493214601982735010e-49
2.800395800000000079e+01 7.516410209856288247e-49
2.806853600000000171e+01 7.539776947308320695e-49
2.813326199999999844e+01 7.563273873397225562e-49
2.819813699999999912e+01 7.586884876631076529e-49
2.826316200000000123e+01 7.610600373950025880e-49
2.832833799999999869e+01 7.634409323261448189e-49
2.839366300000000010e+01 7.658286260373226168e-49
2.845913900000000041e+01 7.682219935179076225e-49
2.852476599999999962e+01 7.706200606761025095e-49
2.859054400000000129e+01 7.730192272366144250e-49
2.865647399999999934e+01 7.754185827201023461e-49
2.872255600000000086e+01 7.778175462421226552e-49
2.878879099999999980e+01 7.802150918146224850e-49
2.885517799999999866e+01 7.826050917100899988e-49
2.892171799999999848e+01 7.849883095388357299e-49
2.898841200000000029e+01 7.873647687214927773e-49
2.905525899999999950e+01 7.897333380431363826e-49
2.912226100000000173e+01 7.920853862674040823e-49
2.918941699999999884e+01 7.944234086767490496e-49
2.925672799999999896e+01 7.967480062390565451e-49
2.932419399999999854e+01 7.990579966321934613e-49
2.939181599999999861e+01 8.013422373033841629e-49
2.945959399999999917e+01 8.036049604608256829e-49
2.952752800000000022e+01 8.058474258690025844e-49
2.959561899999999923e+01 8.080684209175876143e-49
2.966386599999999873e+01 8.102542699515624513e-49
2.973227199999999826e+01 8.124110194751716338e-49
2.980083399999999827e+01 8.145405814617605119e-49
2.986955499999999830e+01 8.166417174069360515e-49
2.993843499999999835e+01 8.186983275802498434e-49
3.000747300000000095e+01 8.207182785811007815e-49
3.007667000000000002e+01 8.227041465241598278e-49
3.014602800000000116e+01 8.246547091871000663e-49
3.021554400000000129e+01 8.265515223584641564e-49
3.028522200000000097e+01 8.284042773458089796e-49
3.035506000000000171e+01 8.302162084672402323e-49
3.042505900000000096e+01 8.319861718652176085e-49
3.049521899999999874e+01 8.336934830671489085e-49
3.056554099999999963e+01 8.353496974016088245e-49
3.063602600000000109e+01 8.369586829818915014e-49
3.070667299999999855e+01 8.385193281631399793e-49
3.077748199999999912e+01 8.400090570432063625e-49
3.084845599999999877e+01 8.414410512169216984e-49
3.091959200000000152e+01 8.428198786469283917e-49
3.099089299999999980e+01 8.441445605475601650e-49
3.106235799999999969e+01 8.453907114607162072e-49
3.113398799999999866e+01 8.465731896585744772e-49
3.120578400000000130e+01 8.476971998443727418e-49
3.127774399999999844e+01 8.487618501705981999e-49
3.134987100000000027e+01 8.497413271402225302e-49
3.142216399999999865e+01 8.506519730793616675e-49
3.149462400000000173e+01 8.514995637706755346e-49
3.156725099999999884e+01 8.522833950086418229e-49
3.164004500000000064e+01 8.529764652725626305e-49
3.171300700000000106e+01 8.535964577600657232e-49
3.178613800000000111e+01 8.541497064848400194e-49
3.185943699999999978e+01 8.546356471608035579e-49
3.193290500000000165e+01 8.550264632104879876e-49
3.200654200000000316e+01 8.553409930714607282e-49
3.208035000000000281e+01 8.555860579431024259e-49
3.215432700000000210e+01 8.557612394228496015e-49
3.222847500000000309e+01 8.558382257825624124e-49
3.230279399999999868e+01 8.558368011056704101e-49
3.237728500000000054e+01 8.557641626580484033e-49
3.245194699999999699e+01 8.556201530068644089e-49
3.252678199999999720e+01 8.553762300848703979e-49
3.260178899999999658e+01 8.550528721726760013e-49
3.267696899999999971e+01 8.546576310813023199e-49
3.275232199999999949e+01 8.541905567104899133e-49
3.282784900000000050e+01 8.536231772392898197e-49
3.290355000000000274e+01 8.529765022152529315e-49
3.297942599999999658e+01 8.522583212994243794e-49
3.305547700000000333e+01 8.514688358954760799e-49
3.313170300000000168e+01 8.505800530248609318e-49
3.320810500000000332e+01 8.496131629338370581e-49
3.328468300000000113e+01 8.485761481585249502e-49
3.336143799999999970e+01 8.474693591493803267e-49
3.343836999999999904e+01 8.462654829450722473e-49
3.351547899999999913e+01 8.449857600533449743e-49
3.359276599999999746e+01 8.436381718649285222e-49
3.367023100000000113e+01 8.422232870380174774e-49
3.374787500000000051e+01 8.407147056726014019e-49
3.382569800000000271e+01 8.391334221059074677e-49
3.390370000000000061e+01 8.374874059578243909e-49
3.398188199999999881e+01 8.357773460297881549e-49
3.406024500000000188e+01 8.339780011180816663e-49
3.413878799999999814e+01 8.321099163963482218e-49
3.421751199999999926e+01 8.301809468718755507e-49
3.429641800000000273e+01 8.281918943492400243e-49
3.437550600000000145e+01 8.261188241784242547e-49
3.445477600000000251e+01 8.239816501699223889e-49
3.453422900000000340e+01 8.217880288875626430e-49
3.461386499999999700e+01 8.195388671764996601e-49
3.469368500000000211e+01 8.172116608057598815e-49
3.477368899999999741e+01 8.148255135794597327e-49
3.485387699999999711e+01 8.123878372153598771e-49
3.493425100000000327e+01 8.098995811125242973e-49
3.501480899999999963e+01 8.073397717959743318e-49
3.509555399999999992e+01 8.047266009968026199e-49
3.517648400000000208e+01 8.020671187240001033e-49
3.525760199999999855e+01 7.993623629542490104e-49
3.533890600000000148e+01 7.965928964714807523e-49
3.542039799999999872e+01 7.937759011186405268e-49
3.550207699999999988e+01 7.909180228679185008e-49
3.558394499999999994e+01 7.880203268119079780e-49
3.566600199999999887e+01 7.850649854755447105e-49
3.574824799999999669e+01 7.820680599590542573e-49
3.583068399999999798e+01 7.790357698578009794e-49
3.591331000000000273e+01 7.759692005304995058e-49
3.599612599999999674e+01 7.728520974768049437e-49
3.607913400000000337e+01 7.696993486365121130e-49
3.616233199999999925e+01 7.665167620189248948e-49
3.624572299999999814e+01 7.633053321818407552e-49
3.632930600000000254e+01 7.600504617042129828e-49
3.641308200000000284e+01 7.567657997490369470e-49
3.649705000000000155e+01 7.534566545138161961e-49
3.658121299999999820e+01 7.501240307309400414e-49
3.666556899999999786e+01 7.467548422740483682e-49
3.675012000000000256e+01 7.433615257549056040e-49
3.683486700000000269e+01 7.399489087400086973e-49
3.691980800000000329e+01 7.365179675390623842e-49
3.700494499999999931e+01 7.330570694037502991e-49
3.709027900000000244e+01 7.295774328243024552e-49
3.717580999999999847e+01 7.260834422880901576e-49
3.726153699999999702e+01 7.225759749971960916e-49
3.734746299999999763e+01 7.190448447366143947e-49
3.743358599999999825e+01 7.155000663294169203e-49
3.751990800000000092e+01 7.119455684735689746e-49
3.760642899999999855e+01 7.083821627055362626e-49
3.769315000000000282e+01 7.048009663380626366e-49
3.778007099999999951e+01 7.012108581095554119e-49
3.786719200000000285e+01 6.976153002063422730e-49
3.795451400000000319e+01 6.940150552844357276e-49
3.804203700000000055e+01 6.904024875373443280e-49
3.812976299999999696e+01 6.867853742425224643e-49
3.821768999999999750e+01 6.831667350517800583e-49
3.830582100000000167e+01 6.795472674707649331e-49
3.839415400000000034e+01 6.759204607641924561e-49
3.848269100000000265e+01 6.722930762510399124e-49
3.857143299999999897e+01 6.686677483219448654e-49
3.866037899999999894e+01 6.650450451486435860e-49
3.874953000000000003e+01 6.614195763222436100e-49
3.883888600000000224e+01 6.577970902205480645e-49
3.892844900000000052e+01 6.541798277755456174e-49
3.901821900000000198e+01 6.505683281889855454e-49
3.910819500000000204e+01 6.469581382629265104e-49
3.919837900000000275e+01 6.433540950353449264e-49
3.928876999999999953e+01 6.397581188584160978e-49
3.937937099999999901e+01 6.361706572734249140e-49
3.947017999999999915e+01 6.325881125726463886e-49
3.956119799999999742e+01 6.290145417130969414e-49
3.965242700000000298e+01 6.254515044882063931e-49
3.974386499999999955e+01 6.218993601475215592e-49
3.983551500000000090e+01 6.183553498309476425e-49
3.992737600000000242e+01 6.148227524281955495e-49
4.001944900000000160e+01 6.113028234824449134e-49
4.011173399999999845e+01 6.077958528555169171e-49
4.020423199999999753e+01 6.042998102778728735e-49
4.029694299999999885e+01 6.008172773859216424e-49
4.038986799999999988e+01 5.973491982680160716e-49
4.048300799999999811e+01 5.938958738329599666e-49
4.057636200000000315e+01 5.904558644947876821e-49
4.066993099999999828e+01 5.870311488089764057e-49
4.076371600000000228e+01 5.836224138393855748e-49
4.085771799999999843e+01 5.802298963789329095e-49
4.095193600000000345e+01 5.768527362475683443e-49
4.104637199999999808e+01 5.734923546401284233e-49
4.114102499999999907e+01 5.701492042650624702e-49
4.123589599999999677e+01 5.668234759782399525e-49
4.133098700000000036e+01 5.635148323140624587e-49
4.142629600000000067e+01 5.602241666319375697e-49
4.152182599999999724e+01 5.569517492639999768e-49
4.161757500000000221e+01 5.536977127691688605e-49
4.171354600000000090e+01 5.504621874673321518e-49
4.180973699999999837e+01 5.472455825650400568e-49
4.190615100000000126e+01 5.440480362390544468e-49
4.200278699999999787e+01 5.408696107770243708e-49
4.209964599999999990e+01 5.377108216397824051e-49
4.219672800000000024e+01 5.345717095876921123e-49
4.229403400000000346e+01 5.314522412394440905e-49
4.239156400000000247e+01 5.283524555252449379e-49
4.248931900000000184e+01 5.252732163790225797e-49
4.258729999999999905e+01 5.222141917543320096e-49
4.268550700000000120e+01 5.191752256054224836e-49
4.278394000000000119e+01 5.161563209760399776e-49
4.288259999999999650e+01 5.131586405848464442e-49
4.298148799999999881e+01 5.101815471876035069e-49
4.308060300000000353e+01 5.072247947120656052e-49
4.317994699999999852e+01 5.042883237854120652e-49
4.327952100000000257e+01 5.013735477445696385e-49
4.337932399999999689e+01 4.984796317548099658e-49
4.347935700000000026e+01 4.956061440489999275e-49
4.357961999999999847e+01 4.927530641962384207e-49
4.368011500000000069e+01 4.899220231024900079e-49
4.378084199999999981e+01 4.871119241907216163e-49
4.388180100000000294e+01 4.843222950919824633e-49
4.398299300000000045e+01 4.815530844488676124e-49
4.408441799999999944e+01 4.788061228689123620e-49
4.418607699999999738e+01 4.760801420070721243e-49
4.428797000000000139e+01 4.733746027346176273e-49
4.439009899999999931e+01 4.706894378376099864e-49
4.449246300000000076e+01 4.680267419750400652e-49
4.459506199999999865e+01 4.653851471654449079e-49
4.469789899999999960e+01 4.627640892418756173e-49
4.480097299999999905e+01 4.601635794988164095e-49
4.490428399999999698e+01 4.575862665685128524e-49
4.500783400000000256e+01 4.550314094592256191e-49
4.511162199999999700e+01 4.525014229187075772e-49
4.521564999999999657e+01 4.500020483524864210e-49
4.531991800000000126e+01 4.475843751652008912e-49
4.542442599999999686e+01 4.452126739099081535e-49
4.552917500000000217e+01 4.428286534618383836e-49
4.563416500000000298e+01 4.404000518670736002e-49
4.573939800000000133e+01 4.379379049473128860e-49
4.584487299999999976e+01 4.354882295707024586e-49
4.595059200000000033e+01 4.330574673638403512e-49
4.605655399999999844e+01 4.306489557574800617e-49
4.616276100000000326e+01 4.282584686931600319e-49
4.626921300000000059e+01 4.259018612978648979e-49
4.637590999999999752e+01 4.235781138928641086e-49
4.648285299999999864e+01 4.212865814867648857e-49
4.659004300000000143e+01 4.190216158870641160e-49
4.669747999999999877e+01 4.167769579810224572e-49
4.680516500000000235e+01 4.145513599949568377e-49
4.691309799999999797e+01 4.123444217402499909e-49
4.702127999999999730e+01 4.101584494180995166e-49
4.712971100000000035e+01 4.079912786898024896e-49
4.723839300000000208e+01 4.058420544478756220e-49
4.734732499999999789e+01 4.037106163227076136e-49
4.745650799999999947e+01 4.015993400321955872e-49
4.756594299999999720e+01 3.995062274315024494e-49
4.767563100000000276e+01 3.974304355063056612e-49
4.778557099999999735e+01 3.953718463717200748e-49
4.789576499999999726e+01 3.933328515792516499e-49
4.800621300000000247e+01 3.913114638241448629e-49
4.811691600000000335e+01 3.893068638691599856e-49
4.822787399999999991e+01 3.873189250442304129e-49
4.833908699999999925e+01 3.853500294658624073e-49
4.845055800000000090e+01 3.833982003590648102e-49
4.856228500000000281e+01 3.814626293800921838e-49
4.867426999999999992e+01 3.795431936483929518e-49
4.878651299999999935e+01 3.776422538380816081e-49
4.889901499999999857e+01 3.757578434828100481e-49
4.901177700000000215e+01 3.738891527218575458e-49
4.912479799999999841e+01 3.720360625468080328e-49
4.923808100000000110e+01 3.702009250651320749e-49
4.935162400000000105e+01 3.683817838858369811e-49
4.946542900000000031e+01 3.665778397931584142e-49
4.957949700000000348e+01 3.647889533813120787e-49
4.969382800000000344e+01 3.630174686366761734e-49
4.980842200000000020e+01 3.612614390880784525e-49
4.992327999999999832e+01 3.595200760560049481e-49
5.003840399999999988e+01 3.577932561535684305e-49
5.015379300000000029e+01 3.560832676780368241e-49
5.026944799999999702e+01 3.543882097104196842e-49
5.038537000000000177e+01 3.527072919397225265e-49
5.050155900000000031e+01 3.510404067287569051e-49
5.061801599999999723e+01 3.493897997513616185e-49
5.073474099999999964e+01 3.477535792303225595e-49
5.085173600000000249e+01 3.461309887078403789e-49
5.096900000000000119e+01 3.445219242080100185e-49
5.108653499999999781e+01 3.429285780490815704e-49
5.120434099999999944e+01 3.413491024657920733e-49
5.132241899999999646e+01 3.397827623828543650e-49
5.144076900000000308e+01 3.382294224675024956e-49
5.155939200000000255e+01 3.366912694210816488e-49
5.167828800000000200e+01 3.351664636834968481e-49
5.179745799999999889e+01 3.336543027775488998e-49
5.191690400000000238e+01 3.321546551779600178e-49
5.203662500000000080e+01 3.306696445069924530e-49
5.215662100000000123e+01 3.291974966790225060e-49
5.227689500000000322e+01 3.277374951683043554e-49
5.239744600000000219e+01 3.262895237010564511e-49
5.251827500000000271e+01 3.248556669124321039e-49
5.263938199999999767e+01 3.234341806383076227e-49
5.276076900000000336e+01 3.220243686390481245e-49
5.288243599999999844e+01 3.206261181556449139e-49
5.300438299999999714e+01 3.192414643122849235e-49
5.312661200000000150e+01 3.178686922224025056e-49
5.324912199999999984e+01 3.165071480425023470e-49
5.337191500000000133e+01 3.151567223270040565e-49
5.349499099999999885e+01 3.138193567454723943e-49
5.361835099999999699e+01 3.124934322836543557e-49
5.374199500000000285e+01 3.111782695056025662e-49
5.386592499999999717e+01 3.098737957683481681e-49
5.399013999999999669e+01 3.085818942821904510e-49
5.411464200000000346e+01 3.073009622781288956e-49
5.423942999999999870e+01 3.060303838320168682e-49
5.436450700000000325e+01 3.047700448584324143e-49
5.448987199999999831e+01 3.035217934067343735e-49
5.461552600000000268e+01 3.022840975376161000e-49
5.474146999999999963e+01 3.010563156222801058e-49
5.486770400000000336e+01 2.998383696735001151e-49
5.499422899999999714e+01 2.986320621028643722e-49
5.512104599999999976e+01 2.974358539782400351e-49
5.524815600000000160e+01 2.962491765715729416e-49
5.537555900000000264e+01 2.950719327634575793e-49
5.550325500000000289e+01 2.939058585217225031e-49
5.563124599999999731e+01 2.927494946068900303e-49
5.575953200000000010e+01 2.916022572043680570e-49
5.588811400000000162e+01 2.904640736088961554e-49
5.601699200000000189e+01 2.893366251600400173e-49
5.614616800000000296e+01 2.882184878048255796e-49
5.627564199999999772e+01 2.871091057648968626e-49
5.640541400000000039e+01 2.860083980941008870e-49
5.653548500000000132e+01 2.849179924844100154e-49
5.666585599999999801e+01 2.838365313768721554e-49
5.679652800000000212e+01 2.827634651058064369e-49
5.692750099999999946e+01 2.816987151638209019e-49
5.705877699999999919e+01 2.806438564188899935e-49
5.719035499999999672e+01 2.795975648444195620e-49
5.732223599999999664e+01 2.785593284838399634e-49
5.745442100000000352e+01 2.775290605774728805e-49
5.758691199999999810e+01 2.765082945411135772e-49
5.771970799999999713e+01 2.754957496560721166e-49
5.785280999999999807e+01 2.744909089934400355e-49
5.798621899999999840e+01 2.734937090983876067e-49
5.811993499999999813e+01 2.725056321093183818e-49
5.825395999999999930e+01 2.715254398258608564e-49
5.838829400000000192e+01 2.705526311326275684e-49
5.852293800000000346e+01 2.695871446055523855e-49
5.865789300000000139e+01 2.686304119066624004e-49
5.879315799999999825e+01 2.676812365926399753e-49
5.892873600000000067e+01 2.667391433772025026e-49
5.906462599999999696e+01 2.658040624203720705e-49
5.920082899999999881e+01 2.648773859737600430e-49
5.933734700000000117e+01 2.639579380124568704e-49
5.947417899999999946e+01 2.630452892019481133e-49
5.961132700000000284e+01 2.621393715404303496e-49
5.974879099999999710e+01 2.612414974780521240e-49
5.988657200000000103e+01 2.603505723193600053e-49
6.002467099999999789e+01 2.594661506352400242e-49
6.016308899999999937e+01 2.585881764652355747e-49
6.030182500000000090e+01 2.577179242637475771e-49
6.044088200000000199e+01 2.568543285916804591e-49
6.058025899999999808e+01 2.559969686476448873e-49
6.071995700000000085e+01 2.551457900993764571e-49
6.085997799999999813e+01 2.543020198286688593e-49
6.100032199999999705e+01 2.534646312063440651e-49
6.114098899999999759e+01 2.526332175567423826e-49
6.128197999999999723e+01 2.518077160758915572e-49
6.142329699999999804e+01 2.509893368554896129e-49
6.156494000000000000e+01 2.501770613396209156e-49
6.170690900000000312e+01 2.493705267362169360e-49
6.184920600000000235e+01 2.485696617411120820e-49
6.199183000000000021e+01 2.477756100460096079e-49
6.213478400000000335e+01 2.469874306708899743e-49
6.227806700000000006e+01 2.462047344236484173e-49
6.242168099999999953e+01 2.454274813447044043e-49
6.256562600000000174e+01 2.446567693509681465e-49
6.270990299999999706e+01 2.438916745452099623e-49
6.285451199999999972e+01 2.431318409176800877e-49
6.299945499999999754e+01 2.423772297439684145e-49
6.314473199999999764e+01 2.416288937800644233e-49
6.329034500000000207e+01 2.408859357137424017e-49
6.343629299999999915e+01 2.401480322019801392e-49
6.358257700000000057e+01 2.394151358764355654e-49
6.372919900000000126e+01 2.386882451544361363e-49
6.387615900000000124e+01 2.379665279566969020e-49
6.402345800000000509e+01 2.372496540558400229e-49
6.417109700000000316e+01 2.365375675576384269e-49
6.431907599999999547e+01 2.358312521251599924e-49
6.446739599999999371e+01 2.351299011138025172e-49
6.461605799999999533e+01 2.344331871726600641e-49
6.476506299999999783e+01 2.337410749594176098e-49
6.491441199999999867e+01 2.330544948415523748e-49
6.506410499999999786e+01 2.323726749092401209e-49
6.521414400000000455e+01 2.316953098598120847e-49
6.536452800000000707e+01 2.310223460966656041e-49
6.551525900000000036e+01 2.303546998268961212e-49
6.566633799999999610e+01 2.296916141379408472e-49
6.581776499999999430e+01 2.290328054746383963e-49
6.596954100000000665e+01 2.283782212856356422e-49
6.612166700000000219e+01 2.277287350948623987e-49
6.627414400000000683e+01 2.270836333743848847e-49
6.642697300000000382e+01 2.264426253936144207e-49
6.658015399999999318e+01 2.258056691532196284e-49
6.673368800000000078e+01 2.251736244766368923e-49
6.688757699999999318e+01 2.245457636787600409e-49
6.704182000000000130e+01 2.239218457985161175e-49
6.719641900000000589e+01 2.233018202251683926e-49
6.735137400000000696e+01 2.226864954708900129e-49
6.750668699999999944e+01 2.220751958771025104e-49
6.766235799999999756e+01 2.214676824484609235e-49
6.781838799999999878e+01 2.208638960753281400e-49
6.797477800000000059e+01 2.202646321304881043e-49
6.813152800000000298e+01 2.196692287405456447e-49
6.828864000000000090e+01 2.190774582215521155e-49
6.844611399999999435e+01 2.184892717322896258e-49
6.860395099999999502e+01 2.179054235876281054e-49
6.876215299999999786e+01 2.173252935021921152e-49
6.892071900000000539e+01 2.167486369425441240e-49
6.907965000000000089e+01 2.161754338408900070e-49
6.923894900000000519e+01 2.156063885899225135e-49
6.939861399999999492e+01 2.150409219975024773e-49
6.955864800000000514e+01 2.144787913541025391e-49
6.971905099999999322e+01 2.139199679699288665e-49
6.987982300000000180e+01 2.133651531229155910e-49
7.004096699999999487e+01 2.128137619954564467e-49
7.020248200000000338e+01 2.122655813699520798e-49
7.036436899999999639e+01 2.117205923767235906e-49
7.052662999999999727e+01 2.111794379781695667e-49
7.068926500000000601e+01 2.106415829238435609e-49
7.085227500000000589e+01 2.101068155508099856e-49
7.101566099999999437e+01 2.095751083831876294e-49
7.117942299999999989e+01 2.090470924702224166e-49
7.134356400000000065e+01 2.085222449463696365e-49
7.150808299999999917e+01 2.080003648201249488e-49
7.167298099999999295e+01 2.074814251916641533e-49
7.183825899999999365e+01 2.069660361990400256e-49
7.200391899999999623e+01 2.064536962854975933e-49
7.216996000000000322e+01 2.059442058917775998e-49
7.233638500000000704e+01 2.054375568048400066e-49
7.250319299999999600e+01 2.049343112448241527e-49
7.267038599999999349e+01 2.044339977926883536e-49
7.283796399999999949e+01 2.039364273181040557e-49
7.300592899999999474e+01 2.034415830041001350e-49
7.317428200000000516e+01 2.029500247500625583e-49
7.334302200000000482e+01 2.024612838507204221e-49
7.351215200000000038e+01 2.019751814839201332e-49
7.368167099999999436e+01 2.014917012781929419e-49
7.385158199999999340e+01 2.010113828809848925e-49
7.402188400000000001e+01 2.005337781876004332e-49
7.419257899999999495e+01 2.000587095893928653e-49
7.436366800000000410e+01 1.995861700804623425e-49
7.453515099999999904e+01 1.991166703045081326e-49
7.470702900000000568e+01 1.986497825321025088e-49
7.487930400000000475e+01 1.981853392432143666e-49
7.505197699999999372e+01 1.977233337752463882e-49
7.522504700000000355e+01 1.972642569342480580e-49
7.539851699999999823e+01 1.968076922438168870e-49
7.557238599999999451e+01 1.963534821627680701e-49
7.574665699999999902e+01 1.959016115079076358e-49
7.592132900000000006e+01 1.954525691560323973e-49
7.609640400000000682e+01 1.950059497232483800e-49
7.627188300000000254e+01 1.945616055103043991e-49
7.644776699999999892e+01 1.941195040410025312e-49
7.662405599999999595e+01 1.936801322901024690e-49
7.680075100000000532e+01 1.932430958411776219e-49
7.697785500000000525e+01 1.928082479524095832e-49
7.715536600000000078e+01 1.923755741209599872e-49
7.733328699999999856e+01 1.919455155458569421e-49
7.751161799999999857e+01 1.915177149731169297e-49
7.769036099999999578e+01 1.910920265677476176e-49
7.786951500000000692e+01 1.906684361366409429e-49
7.804908299999999599e+01 1.902473744430736063e-49
7.822906500000000563e+01 1.898284773876099913e-49
7.840946099999999319e+01 1.894116261930915933e-49
7.859027399999999375e+01 1.889967895485121113e-49
7.877150399999999308e+01 1.885843965953025023e-49
7.895315200000000289e+01 1.881741024563521028e-49
7.913521799999999473e+01 1.877657630810809127e-49
7.931770500000000368e+01 1.873593908670961183e-49
7.950061200000000383e+01 1.869553613572225256e-49
7.968394100000000435e+01 1.865533574063328677e-49
7.986769300000000271e+01 1.861532530721360608e-49
8.005186799999999891e+01 1.857550350078863670e-49
8.023646800000000212e+01 1.853590860115800816e-49
8.042149399999999559e+01 1.849650905274624349e-49
8.060694700000000523e+01 1.845729319650304053e-49
8.079282700000000261e+01 1.841825886417000528e-49
8.097913599999999690e+01 1.837944419532515626e-49
8.116587400000000230e+01 1.834081864697123989e-49
8.135304399999999703e+01 1.830236977250360601e-49
8.154064400000000035e+01 1.826409714345225095e-49
8.172867800000000216e+01 1.822603619409443972e-49
8.191714500000000498e+01 1.818815823970928613e-49
8.210604600000000630e+01 1.815045090395716115e-49
8.229538300000000106e+01 1.811291462932899591e-49
8.248515700000000095e+01 1.807558216790544266e-49
8.267536900000000344e+01 1.803842667645560772e-49
8.286601899999999432e+01 1.800143669609999963e-49
8.305710799999999949e+01 1.796461183471760624e-49
8.324863899999999717e+01 1.792798472785401057e-49
8.344061100000000408e+01 1.789152781430883598e-49
8.363302500000000350e+01 1.785523139213401342e-49
8.382588400000000206e+01 1.781909508528899747e-49
8.401918700000000229e+01 1.778314888145040557e-49
8.421293599999999913e+01 1.774736872395875515e-49
8.440713100000000679e+01 1.771174412014328489e-49
8.460177500000000350e+01 1.767627302785599672e-49
8.479686700000000599e+01 1.764098785382976418e-49
8.499240899999999499e+01 1.760586213235599958e-49
8.518840299999999388e+01 1.757088710840163896e-49
8.538484800000000519e+01 1.753606159918561065e-49
8.558174599999999543e+01 1.750141538404248909e-49
8.577909800000000473e+01 1.746692379315600843e-49
8.597690500000000213e+01 1.743257811970921244e-49
8.617516899999999680e+01 1.739837719895044242e-49
8.637388900000000547e+01 1.736434987325809007e-49
8.657306800000000635e+01 1.733047325113224969e-49
8.677270599999999945e+01 1.729673783886408863e-49
8.697280499999999392e+01 1.726314248927843782e-49
8.717336500000000399e+01 1.722971511550863645e-49
8.737438699999999869e+01 1.719643376027888923e-49
8.757587300000000141e+01 1.716328980817201338e-49
8.777782399999999541e+01 1.713028129897536203e-49
8.798023999999999489e+01 1.709743687808208921e-49
8.818312299999999482e+01 1.706473303108324073e-49
8.838647400000000687e+01 1.703216284141680791e-49
8.859029400000000010e+01 1.699972354179840845e-49
8.879458400000000040e+01 1.696744368084249147e-49
8.899934500000000526e+01 1.693530066960483870e-49
8.920457799999999793e+01 1.690328680550449071e-49
8.941028500000000179e+01 1.687140098685721138e-49
8.961646500000000515e+01 1.683966919979555791e-49
8.982312199999999791e+01 1.680806977541316006e-49
9.003025399999999934e+01 1.677659669051535983e-49
9.023786499999999933e+01 1.674524721795849099e-49
9.044595400000000041e+01 1.671404807621123768e-49
9.065452299999999752e+01 1.668297768729600965e-49
9.086357300000000237e+01 1.665202924382403927e-49
9.107310499999999820e+01 1.662120167115663803e-49
9.128311999999999671e+01 1.659051915194521017e-49
9.149362000000000705e+01 1.655996264396355942e-49
9.170460500000000081e+01 1.652952374571288841e-49
9.191607700000000136e+01 1.649920302262521138e-49
9.212803599999999449e+01 1.646902376382024967e-49
9.234048400000000356e+01 1.643896619550024990e-49
9.255342199999999764e+01 1.640902357850809038e-49
9.276685000000000514e+01 1.637919567345960995e-49
9.298077100000000428e+01 1.634950488499441162e-49
9.319518600000000674e+01 1.631993313855969019e-49
9.341009499999999832e+01 1.629047372608681085e-49
9.362549900000000491e+01 1.626112560907395900e-49
9.384139999999999304e+01 1.623191031434025023e-49
9.405779900000000282e+01 1.620281145376655758e-49
9.427469700000000330e+01 1.617382154556099790e-49
9.449209500000000617e+01 1.614494036708288958e-49
9.470999500000000637e+01 1.611618857170728826e-49
9.492839700000000391e+01 1.608754983866944020e-49
9.514730199999999627e+01 1.605901752279616084e-49
9.536671300000000429e+01 1.603059060768399808e-49
9.558662900000000207e+01 1.600228968191043940e-49
9.580705299999999625e+01 1.597409929047320904e-49
9.602798400000000356e+01 1.594601281786681036e-49
9.624942599999999970e+01 1.591802845939215847e-49
9.647137800000000141e+01 1.589016833400676244e-49
9.669384100000000615e+01 1.586241465556609042e-49
9.691681800000000635e+01 1.583476163783055966e-49
9.714030900000000202e+01 1.580720987591524180e-49
9.736431500000000483e+01 1.577977823565361099e-49
9.758883799999999553e+01 1.575245059073449033e-49
9.781387900000000002e+01 1.572522197401600196e-49
9.803943800000000408e+01 1.569809060505855968e-49
9.826551800000000014e+01 1.567107687797521117e-49
9.849211900000000242e+01 1.564416551922436017e-49
9.871924300000000585e+01 1.561735000176848891e-49
9.894688999999999623e+01 1.559062934870840958e-49
9.917506199999999694e+01 1.556402389002755789e-49
9.940376100000000292e+01 1.553751841040281047e-49
9.963298699999999997e+01 1.551110641076164163e-49
9.986274099999999976e+01 1.548478771011224978e-49
1.000930299999999988e+02 1.545858100029603739e-49
1.003238400000000041e+02 1.543247112545855754e-49
1.005551899999999961e+02 1.540645318613024952e-49
1.007870699999999999e+02 1.538052622104196043e-49
1.010194800000000015e+02 1.535470886457225054e-49
1.012524400000000071e+02 1.532898601758000909e-49
1.014859299999999962e+02 1.530335358489000852e-49
1.017199499999999972e+02 1.527780983011920841e-49
1.019545200000000023e+02 1.525237254969795992e-49
1.021896299999999940e+02 1.522702904374276219e-49
1.024252800000000008e+02 1.520177211302500107e-49
1.026614699999999942e+02 1.517660315265600188e-49
1.028982100000000059e+02 1.515153834450528999e-49
1.031354900000000043e+02 1.512656425837456100e-49
1.033733200000000068e+02 1.510167683487376246e-49
1.036116999999999990e+02 1.507687358102499939e-49
1.038506299999999953e+02 1.505217296236900202e-49
1.040901099999999957e+02 1.502756159629201017e-49
1.043301500000000033e+02 1.500303389062499903e-49
1.045707299999999975e+02 1.497858968965488764e-49
1.048118699999999990e+02 1.495424585318399980e-49
1.050535699999999935e+02 1.492998827471649099e-49
1.052958200000000062e+02 1.490581370370303999e-49
1.055386400000000009e+02 1.488172044309889002e-49
1.057820099999999996e+02 1.485772530318399939e-49
1.060259400000000056e+02 1.483381576884249020e-49
1.062704399999999936e+02 1.480998706192516042e-49
1.065155000000000030e+02 1.478623749577129091e-49
1.067611299999999943e+02 1.476258460007881104e-49
1.070073200000000071e+02 1.473901513530625126e-49
1.072540800000000019e+02 1.471552511072400021e-49
1.075014100000000070e+02 1.469211284805264153e-49
1.077493099999999941e+02 1.466879505818769097e-49
1.079977800000000059e+02 1.464556007952324155e-49
1.082468199999999996e+02 1.462240164084001075e-49
1.084964400000000069e+02 1.459932036829248779e-49
1.087466299999999961e+02 1.457633139397444208e-49
1.089973999999999990e+02 1.455342309804601057e-49
1.092487500000000011e+02 1.453059075856144010e-49
1.095006800000000027e+02 1.450783347722499803e-49
1.097531900000000036e+02 1.448516786578224875e-49
1.100062800000000038e+02 1.446258006030601084e-49
1.102599600000000066e+02 1.444006764007920977e-49
1.105142199999999946e+02 1.441762895125808961e-49
1.107690599999999961e+02 1.439527979796544201e-49
1.110245000000000033e+02 1.437300788062500024e-49
1.112805199999999957e+02 1.435080927181443927e-49
1.115371399999999937e+02 1.432868308443008944e-49
1.117943400000000054e+02 1.430664507663875830e-49
1.120521399999999943e+02 1.428468298976888963e-49
1.123105300000000000e+02 1.426279291128768908e-49
1.125695199999999971e+02 1.424097395956224819e-49
1.128291100000000000e+02 1.421924109311281033e-49
1.130892900000000054e+02 1.419758360261761135e-49
1.133500800000000055e+02 1.417599683550624910e-49
1.136114599999999939e+02 1.415447991553600072e-49
1.138734500000000054e+02 1.413304775850915969e-49
1.141360499999999973e+02 1.411168893918784032e-49
1.143992400000000060e+02 1.409039957426761043e-49
1.146630499999999984e+02 1.406918029316836155e-49
1.149274599999999964e+02 1.404804296756960795e-49
1.151924900000000065e+02 1.402697920906881080e-49
1.154581199999999939e+02 1.400598289986624140e-49
1.157243699999999933e+02 1.398505541973603910e-49
1.159912300000000016e+02 1.396420935488656001e-49
1.162587099999999936e+02 1.394343484946280985e-49
1.165267999999999944e+02 1.392272730075241080e-49
1.167955099999999931e+02 1.390208659392003824e-49
1.170648400000000038e+02 1.388152677242241092e-49
1.173348000000000013e+02 1.386103726611395930e-49
1.176053699999999935e+02 1.384061423256575898e-49
1.178765700000000010e+02 1.382025607116025120e-49
1.181483900000000062e+02 1.379997827415684033e-49
1.184208500000000015e+02 1.377976956116543917e-49
1.186939200000000056e+02 1.375962610360900118e-49
1.189676299999999998e+02 1.373954704941025239e-49
1.192419699999999949e+02 1.371954710568649185e-49
1.195169499999999942e+02 1.369961502766081234e-49
1.197925500000000056e+02 1.367974700044163915e-49
1.200687999999999960e+02 1.365994291609600055e-49
1.203456800000000015e+02 1.364021596271568900e-49
1.206231899999999939e+02 1.362055640857444195e-49
1.209013499999999937e+02 1.360096045070399755e-49
1.211801499999999976e+02 1.358142724528144022e-49
1.214595900000000057e+02 1.356196994496399976e-49
1.217396800000000070e+02 1.354257958459536022e-49
1.220204099999999983e+02 1.352325090204729116e-49
1.223017899999999969e+02 1.350398526477360940e-49
1.225838200000000029e+02 1.348479431835903795e-49
1.228665000000000020e+02 1.346566912577604197e-49
1.231498299999999944e+02 1.344660517569769205e-49
1.234338199999999972e+02 1.342760236678249206e-49
1.237184599999999932e+02 1.340867451272448997e-49
1.240037499999999966e+02 1.338981050568099936e-49
1.242897099999999995e+02 1.337100731366544069e-49
1.245763199999999955e+02 1.335226483644000855e-49
1.248635900000000021e+02 1.333359611948808985e-49
1.251515299999999939e+02 1.331499081842944047e-49
1.254401299999999964e+02 1.329644591061263997e-49
1.257293999999999983e+02 1.327795983934225042e-49
1.260193299999999965e+02 1.325954707422920950e-49
1.263099299999999943e+02 1.324119730063936017e-49
1.266012000000000057e+02 1.322290605062595904e-49
1.268931400000000025e+02 1.320467395591695872e-49
1.271857600000000019e+02 1.318651399297600033e-49
1.274790500000000009e+02 1.316841660385968853e-49
1.277730200000000025e+02 1.315037733375601074e-49
1.280676699999999926e+02 1.313239608867903953e-49
1.283629899999999964e+02 1.311448581189183949e-49
1.286589999999999918e+02 1.309663769782729108e-49
1.289556900000000041e+02 1.307884658137344220e-49
1.292530600000000049e+02 1.306111309386244171e-49
1.295511199999999974e+02 1.304345086655523982e-49
1.298498600000000067e+02 1.302584895178280824e-49
1.301493000000000109e+02 1.300830364484676068e-49
1.304494200000000035e+02 1.299081557615075989e-49
1.307502399999999909e+02 1.297339762071609082e-49
1.310517499999999984e+02 1.295603886272004003e-49
1.313539600000000007e+02 1.293873704847935897e-49
1.316568599999999947e+02 1.292149136818575795e-49
1.319604600000000119e+02 1.290431538320929141e-49
1.322647599999999954e+02 1.288719820777535855e-49
1.325697700000000054e+02 1.287013687750729017e-49
1.328754700000000071e+02 1.285313202100224955e-49
1.331818900000000099e+02 1.283619501348495945e-49
1.334890100000000075e+02 1.281931643389328858e-49
1.337968299999999999e+02 1.280249404208328922e-49
1.341053699999999935e+02 1.278572560379688882e-49
1.344146200000000135e+02 1.276902604283076011e-49
1.347245800000000031e+02 1.275238453251361015e-49
1.350352499999999907e+02 1.273579741188000850e-49
1.353466500000000110e+02 1.271926459590083977e-49
1.356587600000000009e+02 1.270279954334169099e-49
1.359715899999999920e+02 1.268639288269368924e-49
1.362851400000000126e+02 1.267003953810000972e-49
1.365994100000000060e+02 1.265374013833215813e-49
1.369144100000000037e+02 1.263750739729984041e-49
1.372301400000000058e+02 1.262133268045224779e-49
1.375465900000000090e+02 1.260521092577124208e-49
1.378637699999999882e+02 1.258914276117124005e-49
1.381816900000000032e+02 1.257314086890624868e-49
1.385003399999999942e+02 1.255719592865955805e-49
1.388197199999999896e+02 1.254130430999616059e-49
1.391398399999999924e+02 1.252546522299555907e-49
1.394607000000000028e+02 1.250969202735849030e-49
1.397822899999999890e+02 1.249397542725124210e-49
1.401046299999999860e+02 1.247831109570409060e-49
1.404277199999999937e+02 1.246269965897401071e-49
1.407515400000000056e+02 1.244715373714575932e-49
1.410761200000000031e+02 1.243166335342096131e-49
1.414014400000000080e+02 1.241622489848895997e-49
1.417275099999999952e+02 1.240083899780625195e-49
1.420543399999999963e+02 1.238551753708096085e-49
1.423819200000000080e+02 1.237025197334160874e-49
1.427102500000000020e+02 1.235503800270756005e-49
1.430393400000000099e+02 1.233987554729281048e-49
1.433691900000000032e+02 1.232477786995568998e-49
1.436998000000000104e+02 1.230973504493823963e-49
1.440311700000000030e+02 1.229474348227321051e-49
1.443633100000000127e+02 1.227980310502500209e-49
1.446962100000000078e+02 1.226492714457124110e-49
1.450298799999999915e+02 1.225010640023104168e-49
1.453643199999999922e+02 1.223533589112024786e-49
1.456995400000000132e+02 1.222061624168003890e-49
1.460355199999999911e+02 1.220596065220899890e-49
1.463722799999999893e+02 1.219135924680128894e-49
1.467098100000000045e+02 1.217680845440655922e-49
1.470481299999999862e+02 1.216230819999001110e-49
1.473872200000000134e+02 1.214787095609615946e-49
1.477271000000000072e+02 1.213348826586649055e-49
1.480677599999999927e+02 1.211915517380928986e-49
1.484091999999999985e+02 1.210487299875363800e-49
1.487514400000000023e+02 1.209065348794689044e-49
1.490944599999999980e+02 1.207648820542564229e-49
1.494382699999999886e+02 1.206237220817475874e-49
1.497828800000000058e+02 1.204830611848899913e-49
1.501282799999999895e+02 1.203430304583048917e-49
1.504744699999999966e+02 1.202035318685160966e-49
1.508214700000000050e+02 1.200645299808240960e-49
1.511692700000000116e+02 1.199260240733568956e-49
1.515178600000000131e+02 1.197881449459776050e-49
1.518672599999999875e+02 1.196507878830624990e-49
1.522174699999999916e+02 1.195139313799368990e-49
1.525684899999999971e+02 1.193775678021481188e-49
1.529203100000000006e+02 1.192418276588100164e-49
1.532729500000000087e+02 1.191066133854276101e-49
1.536263899999999865e+02 1.189718828274601178e-49
1.539806600000000003e+02 1.188376490828568876e-49
1.543357399999999870e+02 1.187040354716303911e-49
1.546916400000000067e+02 1.185709515461688912e-49
1.550483600000000024e+02 1.184383483606129034e-49
1.554059000000000026e+02 1.183062321122928784e-49
1.557642700000000104e+02 1.181747396161808933e-49
1.561234599999999944e+02 1.180437668820004049e-49
1.564834799999999859e+02 1.179132788281009102e-49
1.568443399999999883e+02 1.177832747706624024e-49
1.572060199999999952e+02 1.176538843706944146e-49
1.575685400000000129e+02 1.175250176014083946e-49
1.579318900000000099e+02 1.173966394555248921e-49
1.582960799999999892e+02 1.172687355497528781e-49
1.586611200000000110e+02 1.171414489720488982e-49
1.590269900000000121e+02 1.170146830493281045e-49
1.593937099999999987e+02 1.168883960213024973e-49
1.597612699999999961e+02 1.167625872232681100e-49
1.601296800000000076e+02 1.166373926015089059e-49
1.604989400000000046e+02 1.165127157013681202e-49
1.608690499999999872e+02 1.163885216840643926e-49
1.612400199999999870e+02 1.162647962445375812e-49
1.616118400000000008e+02 1.161416886907489018e-49
1.619845200000000034e+02 1.160190959603775935e-49
1.623580499999999915e+02 1.158969832973315992e-49
1.627324500000000000e+02 1.157753432402176137e-49
1.631077200000000005e+02 1.156543111776196103e-49
1.634838399999999865e+02 1.155337978809168924e-49
1.638608399999999961e+02 1.154137550759999951e-49
1.642386999999999944e+02 1.152941821270008831e-49
1.646174399999999878e+02 1.151752277250576172e-49
1.649970500000000015e+02 1.150567824640440801e-49
1.653775300000000072e+02 1.149388117501129035e-49
1.657588900000000081e+02 1.148213081695849085e-49
1.661411400000000071e+02 1.147044201177680921e-49
1.665242599999999982e+02 1.145880384231024981e-49
1.669082600000000127e+02 1.144721353380360821e-49
1.672931600000000003e+02 1.143566966988888939e-49
1.676789400000000114e+02 1.142418706099225055e-49
1.680655999999999892e+02 1.141275481307360933e-49
1.684531599999999969e+02 1.140137015787225104e-49
1.688416200000000060e+02 1.139003235770884151e-49
1.692309700000000134e+02 1.137875484408100165e-49
1.696212199999999939e+02 1.136752876966755899e-49
1.700123600000000010e+02 1.135634934867488951e-49
1.704044100000000128e+02 1.134521719406244149e-49
1.707973700000000008e+02 1.133414571085729044e-49
1.711912299999999902e+02 1.132312472322201015e-49
1.715860000000000127e+02 1.131215012931600105e-49
1.719816800000000114e+02 1.130122321413264100e-49
1.723782699999999863e+02 1.129035668467876079e-49
1.727757699999999943e+02 1.127954038590728989e-49
1.731741900000000101e+02 1.126877156758080957e-49
1.735735400000000084e+02 1.125804882696255985e-49
1.739738000000000113e+02 1.124738686191375973e-49
1.743749799999999937e+02 1.123677620732601014e-49
1.747770899999999870e+02 1.122621143680521075e-49
1.751801299999999912e+02 1.121569316245920937e-49
1.755841000000000065e+02 1.120523605453728955e-49
1.759889900000000011e+02 1.119482999672976207e-49
1.763948300000000131e+02 1.118446957376099896e-49
1.768015900000000045e+02 1.117415606606289153e-49
1.772093000000000131e+02 1.116390344855183825e-49
1.776179500000000075e+02 1.115370095682649110e-49
1.780275300000000129e+02 1.114354585802500044e-49
1.784380700000000104e+02 1.113343609174416012e-49
1.788495499999999936e+02 1.112338827841536014e-49
1.792619799999999941e+02 1.111339033909504086e-49
1.796753500000000088e+02 1.110343888043329092e-49
1.800896899999999903e+02 1.109353384599849054e-49
1.805049799999999891e+02 1.108368982814975994e-49
1.809212200000000053e+02 1.107389610271296041e-49
1.813384299999999882e+02 1.106414928249855928e-49
1.817565899999999885e+02 1.105444798132899945e-49
1.821757299999999873e+02 1.104480876180361062e-49
1.825958300000000065e+02 1.103521958928601066e-49
1.830168899999999894e+02 1.102567641944356136e-49
1.834389299999999992e+02 1.101617986178161088e-49
1.838619400000000041e+02 1.100674445899396007e-49
1.842859300000000076e+02 1.099736018903824066e-49
1.847108900000000062e+02 1.098802168794224914e-49
1.851368400000000065e+02 1.097872956515556051e-49
1.855637700000000052e+02 1.096949833974289146e-49
1.859916800000000023e+02 1.096031800789641189e-49
1.864205800000000011e+02 1.095118453945476006e-49
1.868504599999999982e+02 1.094209655745599826e-49
1.872813400000000001e+02 1.093307054257636002e-49
1.877132100000000037e+02 1.092409518521160893e-49
1.881460800000000120e+02 1.091516580219663875e-49
1.885799499999999966e+02 1.090628300214244051e-49
1.890148199999999861e+02 1.089746191780415942e-49
1.894506800000000055e+02 1.088869125932289143e-49
1.898875600000000077e+02 1.087996701192024835e-49
1.903254399999999862e+02 1.087128912403043940e-49
1.907643300000000011e+02 1.086267336444899917e-49
1.912042399999999986e+02 1.085410780298329113e-49
1.916451600000000042e+02 1.084558843234881016e-49
1.920870899999999892e+02 1.083711586050625096e-49
1.925300499999999886e+02 1.082870583186000857e-49
1.929740199999999959e+02 1.082034577758436067e-49
1.934190199999999891e+02 1.081203235539025037e-49
1.938650499999999965e+02 1.080376551522724087e-49
1.943120999999999867e+02 1.079556097846800924e-49
1.947601899999999944e+02 1.078740685379344014e-49
1.952093000000000131e+02 1.077929980440336113e-49
1.956594599999999957e+02 1.077123846789224928e-49
1.961106499999999926e+02 1.076324051234884068e-49
1.965628800000000069e+02 1.075529275239168936e-49
1.970161600000000135e+02 1.074739185736225162e-49
1.974704800000000091e+02 1.073953777882756189e-49
1.979258499999999970e+02 1.073174619310335920e-49
1.983822700000000054e+02 1.072400524615729063e-49
1.988397400000000061e+02 1.071631161265283894e-49
1.992982599999999991e+02 1.070866393569025068e-49
1.997578499999999906e+02 1.070107983375025021e-49
2.002184900000000027e+02 1.069354681578120853e-49
2.006802000000000135e+02 1.068606025411600076e-49
2.011429699999999912e+02 1.067862075629280868e-49
2.016067999999999927e+02 1.067124395596900045e-49
2.020717099999999959e+02 1.066391934101649053e-49
2.025376899999999978e+02 1.065664098429121140e-49
2.030047399999999982e+02 1.064940949365488924e-49
2.034728700000000003e+02 1.064224178757600830e-49
2.039420800000000042e+02 1.063512541171599880e-49
2.044123700000000099e+02 1.062805575288600972e-49
2.048837499999999920e+02 1.062103341865329070e-49
2.053562100000000044e+02 1.061407465404000859e-49
2.058297699999999963e+02 1.060716767410609101e-49
2.063044099999999901e+02 1.060030722120769005e-49
2.067801499999999919e+02 1.059349455427200880e-49
2.072569900000000018e+02 1.058674589798400024e-49
2.077349199999999882e+02 1.058004883298168983e-49
2.082139599999999859e+02 1.057339941031695946e-49
2.086941099999999949e+02 1.056679693692099973e-49
2.091753600000000120e+02 1.056025891888703861e-49
2.096577200000000119e+02 1.055377295338041070e-49
2.101411899999999946e+02 1.054733444755600042e-49
2.106257799999999918e+02 1.054094335978761076e-49
2.111114800000000002e+02 1.053461652641476019e-49
2.115983099999999979e+02 1.052834221023648941e-49
2.120862500000000068e+02 1.052211582471720842e-49
2.125753300000000081e+02 1.051593668041225081e-49
2.130655299999999954e+02 1.050982289186449068e-49
2.135568600000000004e+02 1.050376143983049046e-49
2.140493199999999945e+02 1.049774774451984053e-49
2.145429200000000094e+02 1.049178176640400026e-49
2.150376599999999883e+02 1.048588095248099892e-49
2.155335399999999879e+02 1.048003359494400158e-49
2.160305600000000084e+02 1.047423317766399872e-49
2.165287299999999959e+02 1.046848160431088893e-49
2.170280400000000043e+02 1.046279565600025140e-49
2.175285100000000114e+02 1.045716234551295975e-49
2.180301300000000140e+02 1.045157775210000114e-49
2.185329099999999869e+02 1.044604054512225093e-49
2.190368499999999869e+02 1.044057007520641103e-49
2.195419500000000141e+02 1.043515272359169028e-49
2.200482199999999864e+02 1.042978392870976094e-49
2.205556500000000142e+02 1.042446300841968900e-49
2.210642499999999870e+02 1.041920929440000072e-49
2.215740299999999934e+02 1.041400853772049029e-49
2.220849800000000016e+02 1.040885682817600048e-49
2.225971099999999865e+02 1.040375413032200968e-49
2.231104200000000048e+02 1.039871782243848885e-49
2.236249099999999999e+02 1.039373496147856089e-49
2.241406000000000063e+02 1.038880164208895998e-49
2.246574699999999893e+02 1.038391718535395968e-49
2.251755300000000091e+02 1.037910024325320908e-49
2.256947800000000086e+02 1.037433659753088944e-49
2.262152399999999943e+02 1.036962299206200941e-49
2.267368899999999883e+02 1.036495810569025005e-49
2.272597499999999968e+02 1.036036121875225039e-49
2.277838099999999883e+02 1.035581877089764135e-49
2.283090799999999945e+02 1.035132557922576095e-49
2.288355599999999868e+02 1.034688225564900025e-49
2.293632599999999968e+02 1.034250677813823806e-49
2.298921699999999930e+02 1.033818624302499781e-49
2.304223100000000102e+02 1.033391547302464196e-49
2.309536600000000135e+02 1.032969443784964043e-49
2.314862400000000093e+02 1.032554238757924116e-49
2.320200499999999977e+02 1.032144514524036203e-49
2.325550900000000070e+02 1.031739818179849015e-49
2.330913700000000119e+02 1.031340082586256108e-49
2.336288800000000094e+02 1.030947295623424016e-49
2.341676300000000026e+02 1.030560105066243934e-49
2.347076199999999915e+02 1.030177865875456115e-49
2.352488600000000076e+02 1.029800703698063872e-49
2.357913399999999911e+02 1.029430540867599905e-49
2.363350800000000049e+02 1.029065962167363878e-49
2.368800699999999892e+02 1.028706387343209082e-49
2.374263200000000040e+02 1.028351942077328834e-49
2.379738199999999892e+02 1.028004483375081021e-49
2.385225900000000081e+02 1.027662725438041030e-49
2.390726300000000037e+02 1.027326024413328956e-49
2.396239300000000014e+02 1.026994377843009113e-49
2.401765100000000075e+02 1.026669898056099846e-49
2.407303599999999904e+02 1.026351043917795820e-49
2.412854800000000068e+02 1.026037300321489056e-49
2.418418900000000065e+02 1.025728729000000072e-49
2.423995799999999861e+02 1.025427313022435913e-49
2.429585500000000025e+02 1.025131576440975890e-49
2.435188200000000052e+02 1.024841068633320857e-49
2.440803699999999878e+02 1.024555659359761063e-49
2.446432200000000137e+02 1.024277522800896060e-49
2.452073699999999974e+02 1.024005120006399992e-49
2.457728199999999958e+02 1.023737872777216174e-49
2.463395800000000122e+02 1.023475907076100043e-49
2.469076399999999865e+02 1.023221140157584010e-49
2.474770100000000070e+02 1.022972226019968994e-49
2.480476899999999887e+02 1.022728522936129041e-49
2.486196899999999914e+02 1.022490093007201030e-49
2.491930099999999868e+02 1.022259044601795901e-49
2.497676500000000033e+02 1.022033776763168826e-49
2.503436199999999872e+02 1.021813776135683882e-49
2.509209099999999921e+02 1.021599104951295917e-49
2.514995399999999961e+02 1.021391806926841113e-49
2.520794999999999959e+02 1.021190409844899989e-49
2.526607999999999947e+02 1.020994400718008839e-49
2.532434299999999894e+02 1.020803650200324134e-49
2.538274199999999894e+02 1.020620393122500025e-49
2.544127400000000137e+02 1.020443094140624818e-49
2.549994199999999864e+02 1.020271112872489073e-49
2.555874499999999898e+02 1.020104575733775982e-49
2.561768400000000270e+02 1.019945525335395932e-49
2.567675800000000095e+02 1.019792490956100093e-49
2.573596900000000005e+02 1.019644832606883837e-49
2.579531700000000001e+02 1.019502612981800968e-49
2.585480099999999766e+02 1.019368002016849072e-49
2.591442200000000184e+02 1.019239465780899878e-49
2.597418099999999868e+02 1.019116364654404018e-49
2.603407799999999952e+02 1.018998761497599884e-49
2.609411200000000122e+02 1.018888825921443994e-49
2.615428600000000188e+02 1.018784960764921093e-49
2.621459800000000087e+02 1.018686654430640923e-49
2.627504900000000134e+02 1.018593842283889223e-49
2.633563899999999762e+02 1.018508757559055955e-49
2.639636899999999855e+02 1.018429803645409021e-49
2.645724000000000160e+02 1.018356469243203947e-49
2.651825000000000045e+02 1.018288689924495881e-49
2.657940100000000143e+02 1.018228762631808884e-49
2.664069400000000201e+02 1.018175027411025064e-49
2.670212700000000154e+02 1.018126845610000075e-49
2.676370299999999816e+02 1.018084408279224997e-49
2.682542000000000257e+02 1.018049757099664069e-49
2.688727999999999838e+02 1.018021423976704113e-49
2.694928199999999947e+02 1.017998770524648884e-49
2.701142699999999763e+02 1.017981796553929056e-49
2.707371600000000171e+02 1.017972799130596155e-49
2.713614799999999718e+02 1.017970119054735986e-49
2.719872399999999857e+02 1.017973118187481041e-49
2.726144400000000019e+02 1.017981924177240895e-49
2.732431000000000267e+02 1.017998770524648884e-49
2.738731999999999971e+02 1.018021998292848997e-49
2.745047500000000014e+02 1.018051033375743817e-49
2.751377600000000143e+02 1.018085812206849185e-49
2.757722299999999791e+02 1.018128760096899995e-49
2.764081600000000094e+02 1.018178154481216039e-49
2.770455600000000231e+02 1.018233421452900007e-49
2.776844300000000203e+02 1.018294561489983849e-49
2.783247700000000009e+02 1.018363872770595924e-49
2.789665899999999965e+02 1.018439696652004101e-49
2.796098900000000071e+02 1.018521459404088916e-49
2.802546699999999760e+02 1.018609161741649173e-49
2.809009399999999914e+02 1.018705102465599980e-49
2.815486999999999966e+02 1.018807686800289048e-49
2.821979600000000232e+02 1.018916213498089058e-49
2.828487099999999828e+02 1.019030747352121040e-49
2.835009600000000205e+02 1.019153651762596084e-49
2.841547100000000228e+02 1.019283204226224919e-49
2.848099799999999959e+02 1.019418767442243914e-49
2.854667499999999905e+02 1.019560470330249109e-49
2.861250400000000127e+02 1.019710549470649003e-49
2.867848500000000058e+02 1.019867409941769034e-49
2.874461699999999951e+02 1.020030414547224841e-49
2.881090300000000184e+02 1.020199500875844129e-49
2.887734100000000126e+02 1.020377098128964053e-49
2.894393200000000093e+02 1.020561547320440907e-49
2.901067699999999832e+02 1.020752211319368917e-49
2.907757599999999911e+02 1.020949027957849195e-49
2.914462899999999763e+02 1.021154491538063928e-49
2.921183700000000272e+02 1.021366814968899837e-49
2.927919999999999732e+02 1.021585425062500086e-49
2.934671799999999848e+02 1.021810259898289054e-49
2.941439100000000053e+02 1.022043879075240890e-49
2.948222099999999841e+02 1.022284431151489019e-49
2.955020700000000033e+02 1.022531342977935994e-49
2.961834999999999809e+02 1.022784552886009067e-49
2.968665100000000052e+02 1.023046622010000034e-49
2.975510800000000131e+02 1.023315698361636018e-49
2.982372399999999857e+02 1.023591208806544158e-49
2.989249800000000050e+02 1.023873155928324105e-49
2.996143000000000143e+02 1.024163974563844162e-49
3.003052099999999882e+02 1.024462004099523812e-49
3.009977200000000153e+02 1.024766415352729040e-49
3.016918200000000070e+02 1.025077339215241058e-49
3.023875199999999950e+02 1.025397340374275961e-49
3.030848300000000108e+02 1.025724565494225077e-49
3.037837499999999977e+02 1.026058313301025050e-49
3.044842800000000125e+02 1.026398586951936012e-49
3.051864199999999983e+02 1.026748081268099954e-49
3.058901799999999866e+02 1.027104813922576000e-49
3.065955700000000093e+02 1.027468211681025180e-49
3.073025799999999776e+02 1.027838278046889061e-49
3.080112199999999802e+02 1.028217581852224126e-49
3.087214999999999918e+02 1.028604268003320945e-49
3.094334099999999808e+02 1.028997634908049015e-49
3.101469700000000103e+02 1.029397750524440836e-49
3.108621699999999919e+02 1.029807250172100064e-49
3.115790200000000141e+02 1.030224277769448916e-49
3.122975200000000200e+02 1.030648003141848947e-49
3.130176799999999844e+02 1.031078623030568925e-49
3.137395000000000209e+02 1.031518711080224933e-49
3.144629899999999907e+02 1.031966345838289123e-49
3.151881399999999758e+02 1.032420889528249030e-49
3.159149699999999825e+02 1.032882346649169033e-49
3.166434699999999793e+02 1.033353357722595991e-49
3.173736499999999978e+02 1.033832064321081037e-49
3.181055200000000127e+02 1.034317764177720770e-49
3.188390699999999924e+02 1.034810462140900046e-49
3.195743200000000002e+02 1.035312865933284112e-49
3.203112600000000043e+02 1.035823051482024779e-49
3.210498999999999796e+02 1.036340316217600030e-49
3.217902399999999830e+02 1.036864665346689081e-49
3.225322899999999890e+02 1.037398809672976066e-49
3.232760599999999727e+02 1.037940823633920783e-49
3.240215299999999843e+02 1.038490068774543906e-49
3.247687300000000050e+02 1.039046486251536056e-49
3.255176500000000033e+02 1.039612854608783838e-49
3.262682899999999790e+02 1.040187182236489032e-49
3.270206699999999955e+02 1.040768765858704013e-49
3.277747800000000211e+02 1.041357675965475880e-49
3.285306299999999737e+02 1.041956630098608972e-49
3.292882299999999987e+02 1.042563699450024937e-49
3.300475700000000074e+02 1.043178180396360862e-49
3.308086599999999748e+02 1.043800014715236028e-49
3.315715099999999893e+02 1.044432052770276027e-49
3.323361199999999940e+02 1.045072299346083959e-49
3.331024899999999889e+02 1.045719985708835907e-49
3.338706199999999740e+02 1.046375247980175913e-49
3.346405300000000125e+02 1.047040811160099830e-49
3.354122100000000160e+02 1.047714678033240986e-49
3.361856799999999907e+02 1.048396144070916123e-49
3.369609199999999873e+02 1.049085281251396152e-49
3.377379599999999868e+02 1.049784818546689057e-49
3.385167900000000145e+02 1.050492821448248948e-49
3.392974100000000135e+02 1.051208520143716075e-49
3.400798300000000154e+02 1.051931987117001092e-49
3.408640599999999949e+02 1.052666020384225113e-49
3.416500899999999774e+02 1.053408683362563959e-49
3.424379400000000260e+02 1.054159140745488962e-49
3.432275999999999954e+02 1.054917400578064060e-49
3.440190900000000056e+02 1.055686460186240846e-49
3.448124000000000251e+02 1.056464250863616029e-49
3.456075399999999718e+02 1.057249936544399901e-49
3.464045100000000161e+02 1.058043590766724214e-49
3.472033299999999940e+02 1.058848215842704017e-49
3.480039800000000128e+02 1.059661675478024986e-49
3.488064800000000218e+02 1.060483197933721114e-49
3.496108300000000213e+02 1.061312792217615942e-49
3.504170300000000111e+02 1.062153465764415923e-49
3.512250999999999976e+02 1.063003144705440964e-49
3.520350300000000061e+02 1.063861056635689038e-49
3.528468199999999797e+02 1.064727211104963913e-49
3.536604899999999816e+02 1.065604620959999935e-49
3.544760299999999802e+02 1.066491144294975987e-49
3.552934599999999818e+02 1.067386007923875983e-49
3.561127700000000118e+02 1.068289287243025029e-49
3.569339699999999880e+02 1.069204000729225056e-49
3.577570600000000240e+02 1.070128003521721055e-49
3.585820499999999811e+02 1.071060521697721217e-49
3.594089399999999728e+02 1.072001631342095912e-49
3.602377399999999739e+02 1.072954356784324194e-49
3.610684499999999844e+02 1.073916550083556083e-49
3.619010799999999790e+02 1.074887436546575930e-49
3.627356300000000147e+02 1.075867027369744021e-49
3.635720999999999776e+02 1.076858549763528908e-49
3.644105000000000132e+02 1.077859655777528958e-49
3.652508300000000077e+02 1.078869701207104000e-49
3.660930999999999926e+02 1.079888632232280979e-49
3.669373100000000250e+02 1.080919748494335898e-49
3.677834700000000225e+02 1.081960698435240948e-49
3.686315900000000170e+02 1.083010771538641063e-49
3.694816500000000019e+02 1.084069980347523954e-49
3.703336800000000153e+02 1.085141631654143803e-49
3.711876700000000255e+02 1.086223436073215950e-49
3.720436399999999821e+02 1.087314550649209055e-49
3.729015699999999924e+02 1.088415120552768803e-49
3.737614800000000059e+02 1.089528460096036064e-49
3.746233799999999974e+02 1.090652210200575987e-49
3.754872700000000236e+02 1.091785725236760893e-49
3.763531399999999962e+02 1.092928887275625006e-49
3.772210200000000100e+02 1.094085348995521112e-49
3.780908900000000017e+02 1.095252681538403988e-49
3.789627699999999777e+02 1.096430040388225120e-49
3.798366599999999949e+02 1.097617573217343863e-49
3.807125700000000279e+02 1.098819008136721052e-49
3.815904899999999884e+02 1.100031779892529049e-49
3.824704399999999964e+02 1.101255242447556034e-49
3.833524199999999951e+02 1.102489412507536086e-49
3.842364400000000160e+02 1.103738293618248905e-49
3.851224900000000275e+02 1.104999383223960829e-49
3.860105899999999792e+02 1.106271902763555955e-49
3.869007300000000100e+02 1.107555937281368976e-49
3.877929199999999810e+02 1.108856034260100080e-49
3.886871800000000121e+02 1.110169555108849028e-49
3.895834899999999834e+02 1.111495788844609053e-49
3.904818799999999896e+02 1.112834890272399795e-49
3.913823300000000245e+02 1.114192155153289062e-49
3.922848599999999806e+02 1.115564943205475988e-49
3.931894699999999716e+02 1.116952546305599866e-49
3.940961699999999723e+02 1.118355324912399923e-49
3.950049599999999828e+02 1.119780132429455978e-49
3.959158400000000029e+02 1.121224330457344015e-49
3.968288299999999822e+02 1.122687284588675860e-49
3.977439200000000028e+02 1.124169968478735958e-49
3.986611199999999826e+02 1.125682283313721088e-49
3.995804400000000101e+02 1.127221936663876140e-49
4.005018699999999967e+02 1.128788915282115916e-49
4.014254300000000057e+02 1.130385492894435987e-49
4.023511199999999803e+02 1.132029360174736069e-49
4.032789500000000089e+02 1.133719540245503857e-49
4.042089100000000030e+02 1.135458694978623998e-49
4.051410200000000259e+02 1.137252869312399833e-49
4.060752800000000207e+02 1.139142758913720924e-49
4.070116899999999873e+02 1.141136097858435923e-49
4.079502600000000143e+02 1.143246948444225152e-49
4.088910000000000196e+02 1.145497630730401133e-49
4.098339000000000283e+02 1.148021570006088927e-49
4.107789799999999900e+02 1.150887644820224963e-49
4.117262400000000184e+02 1.154193742124328858e-49
4.126756899999999746e+02 1.158073500969440862e-49
4.136273199999999974e+02 1.163307094714944161e-49
4.145811499999999796e+02 1.170799530434704148e-49
4.155371799999999780e+02 1.182234149511424103e-49
4.164954099999999926e+02 1.200239440158783902e-49
4.174558499999999981e+02 1.243404130468095814e-49
4.184185100000000261e+02 1.418363725768900211e-49
4.193833799999999883e+02 8.031749418720785443e-49
4.203504800000000046e+02 2.602437072443568984e-47
4.213198199999999929e+02 4.410522530415224802e-49
4.222913800000000037e+02 1.361168490396288914e-49
4.232651900000000182e+02 1.237591239742224794e-49
4.242412400000000048e+02 1.204161691267088923e-49
4.252195500000000266e+02 1.192854586326528910e-49
4.262001000000000204e+02 1.186738079374225068e-49
4.271829299999999989e+02 1.183578381274276021e-49
4.281680099999999811e+02 1.182164558064399993e-49
4.291553700000000049e+02 1.181976698892543924e-49
4.301450100000000134e+02 1.182311789027121027e-49
4.311369199999999751e+02 1.183002404619204044e-49
4.321311299999999846e+02 1.183961457205081020e-49
4.331276300000000106e+02 1.185167033325024925e-49
4.341264199999999960e+02 1.186504250640240997e-49
4.351275200000000041e+02 1.187939829049009008e-49
4.361309299999999780e+02 1.189457873836323912e-49
4.371366499999999746e+02 1.191062820721284009e-49
4.381446900000000255e+02 1.192721412568401042e-49
4.391550599999999918e+02 1.194422907059775972e-49
4.401677500000000123e+02 1.196162828134568878e-49
4.411827799999999797e+02 1.197947002499640827e-49
4.422001500000000078e+02 1.199761601880624919e-49
4.432198700000000144e+02 1.201601839328641087e-49
4.442419399999999996e+02 1.203466244202121037e-49
4.452663600000000201e+02 1.205359868833849196e-49
4.462931500000000256e+02 1.207275273581689145e-49
4.473223100000000159e+02 1.209209794405635917e-49
4.483538300000000163e+02 1.211162707908169117e-49
4.493877400000000080e+02 1.213138722079880960e-49
4.504240300000000161e+02 1.215132730432515995e-49
4.514627100000000155e+02 1.217143028930929067e-49
4.525037899999999809e+02 1.219169165059608977e-49
4.535472700000000259e+02 1.221215577351024955e-49
4.545931499999999801e+02 1.223278325356815989e-49
4.556414500000000203e+02 1.225355905847055999e-49
4.566921600000000012e+02 1.227448211991849048e-49
4.577452900000000113e+02 1.229559414625475927e-49
4.588008600000000001e+02 1.231686048298224949e-49
4.598588599999999929e+02 1.233826954012129152e-49
4.609193000000000211e+02 1.235982023519296105e-49
4.619821800000000280e+02 1.238155300379760950e-49
4.630475099999999884e+02 1.240343587494144065e-49
4.641152999999999906e+02 1.242545932555224983e-49
4.651855600000000095e+02 1.244762226691344011e-49
4.662582800000000134e+02 1.246996315737224930e-49
4.673334699999999771e+02 1.249245414651556105e-49
4.684111500000000206e+02 1.251508426522225096e-49
4.694913099999999986e+02 1.253785312786560864e-49
4.705739599999999996e+02 1.256080004205960975e-49
4.716591099999999983e+02 1.258389564121369017e-49
4.727467599999999948e+02 1.260713175549529030e-49
4.738369099999999889e+02 1.263050658251775999e-49
4.749295799999999872e+02 1.265405957777025028e-49
4.760247800000000211e+02 1.267776340587408894e-49
4.771224900000000275e+02 1.270160702390595929e-49
4.782227399999999875e+02 1.272559147664809004e-49
4.793255300000000148e+02 1.274975494826400938e-49
4.804308500000000208e+02 1.277407072052224005e-49
4.815387299999999868e+02 1.279852771500900039e-49
4.826491599999999949e+02 1.282312770266024902e-49
4.837621599999999944e+02 1.284790830552440995e-49
4.848777200000000107e+02 1.287284199260049117e-49
4.859958500000000186e+02 1.289791908350929241e-49
4.871165599999999927e+02 1.292314136410440987e-49
4.882398499999999899e+02 1.294854589191743998e-49
4.893657400000000166e+02 1.297410503572225048e-49
4.904942199999999843e+02 1.299981124673000956e-49
4.916252999999999815e+02 1.302566344295055829e-49
4.927589899999999830e+02 1.305170027816769061e-49
4.938953000000000202e+02 1.307789402083640898e-49
4.950342299999999796e+02 1.310423710050625060e-49
4.961757799999999747e+02 1.313072771431716000e-49
4.973199599999999805e+02 1.315740612913320986e-49
4.984667900000000031e+02 1.318424451313225139e-49
4.996162600000000111e+02 1.321123309507599991e-49
5.007683700000000044e+02 1.323837297930625025e-49
5.019231500000000210e+02 1.326570169696320816e-49
5.030805899999999724e+02 1.329319349468223946e-49
5.042407000000000039e+02 1.332083784184728949e-49
5.054034800000000018e+02 1.334863658637795922e-49
5.065689399999999978e+02 1.337662669513041065e-49
5.077370999999999981e+02 1.340478158476680880e-49
5.089079399999999964e+02 1.343309288601856180e-49
5.100814899999999739e+02 1.346155953240004085e-49
5.112577400000000125e+02 1.349022158947369027e-49
5.124366999999999734e+02 1.351905090500643994e-49
5.136183899999999767e+02 1.354803834675600019e-49
5.148027899999999590e+02 1.357718506061824021e-49
5.159899299999999585e+02 1.360652908446841209e-49
5.171798099999999749e+02 1.363604362956195904e-49
5.183724300000000085e+02 1.366571953546275993e-49
5.195678000000000338e+02 1.369555648370063934e-49
5.207659300000000258e+02 1.372559416628760814e-49
5.219668199999999842e+02 1.375580494814760931e-49
5.231704799999999977e+02 1.378617963765024850e-49
5.243769099999999526e+02 1.381671866697408794e-49
5.255861300000000256e+02 1.384746042654976155e-49
5.267981399999999894e+02 1.387837940167808819e-49
5.280129399999999578e+02 1.390946488206025154e-49
5.292305400000000191e+02 1.394071731052900040e-49
5.304509500000000344e+02 1.397217600631876024e-49
5.316741700000000037e+02 1.400381460432241005e-49
5.329002199999999903e+02 1.403562160581024969e-49
5.341290900000000192e+02 1.406759971226400832e-49
5.353607899999999518e+02 1.409978768499855931e-49
5.365953399999999647e+02 1.413215754788644098e-49
5.378327299999999696e+02 1.416469926168360834e-49
5.390729800000000296e+02 1.419741479814849061e-49
5.403160900000000311e+02 1.423034310658129018e-49
5.415620599999999740e+02 1.426345684728063904e-49
5.428108999999999469e+02 1.429674594637443934e-49
5.440626300000000128e+02 1.433021163930756023e-49
5.453172399999999698e+02 1.436389382473984119e-49
5.465747499999999945e+02 1.439776353028224901e-49
5.478351499999999987e+02 1.443181292079075893e-49
5.490984700000000203e+02 1.446604096994001153e-49
5.503646899999999960e+02 1.450048853363049124e-49
5.516338399999999638e+02 1.453512803751369050e-49
5.529059099999999489e+02 1.456994933383609196e-49
5.541809100000000399e+02 1.460495369079183975e-49
5.554588599999999587e+02 1.464018064475120967e-49
5.567397499999999582e+02 1.467560249945000893e-49
5.580235999999999876e+02 1.471120983488024907e-49
5.593103999999999587e+02 1.474700316937928972e-49
5.606001800000000230e+02 1.478302224100416009e-49
5.618929299999999785e+02 1.481923999926755935e-49
5.631886600000000271e+02 1.485564621978528942e-49
5.644873700000000554e+02 1.489224220459023960e-49
5.657890899999999874e+02 1.492906789975104012e-49
5.670937999999999874e+02 1.496609458765369093e-49
5.684015200000000050e+02 1.500331354960321110e-49
5.697122600000000148e+02 1.504072610640625099e-49
5.710260200000000168e+02 1.507837163912641001e-49
5.723428099999999858e+02 1.511622207531396213e-49
5.736626400000000103e+02 1.515426788681289153e-49
5.749855099999999766e+02 1.519251041060040922e-49
5.763114299999999730e+02 1.523099001663801012e-49
5.776404099999999744e+02 1.526967772309224969e-49
5.789724499999999807e+02 1.530856552850243945e-49
5.803075700000000552e+02 1.534765244166399971e-49
5.816457599999999957e+02 1.538697982990080857e-49
5.829870399999999790e+02 1.542652014538881023e-49
5.843314100000000053e+02 1.546626378863241132e-49
5.856788900000000240e+02 1.550620977305624866e-49
5.870294699999999466e+02 1.554640126655625131e-49
5.883831599999999753e+02 1.558680822737424012e-49
5.897399799999999459e+02 1.562742180393156050e-49
5.910999199999999973e+02 1.566824259763160986e-49
5.924629999999999654e+02 1.570931163980676107e-49
5.938292300000000523e+02 1.575060032724676131e-49
5.951986000000000558e+02 1.579209977525625003e-49
5.965711300000000392e+02 1.583380980558400027e-49
5.979468299999999772e+02 1.587577247314569027e-49
5.993256999999999834e+02 1.591795824003855752e-49
6.007077500000000327e+02 1.596035898374723895e-49
6.020929899999999861e+02 1.600297453823523945e-49
6.034814199999999573e+02 1.604584559394755937e-49
6.048730500000000347e+02 1.608894486994729116e-49
6.062678899999999658e+02 1.613226180710168988e-49
6.076659499999999525e+02 1.617579785407608969e-49
6.090672299999999950e+02 1.621959393432248957e-49
6.104717500000000427e+02 1.626362182768760909e-49
6.118795000000000073e+02 1.630787254362048976e-49
6.132904999999999518e+02 1.635234512909089163e-49
6.147047499999999900e+02 1.639708235742720998e-49
6.161222599999999829e+02 1.644205586928025129e-49
6.175430499999999938e+02 1.648725501459000993e-49
6.189671100000000479e+02 1.653268128159999970e-49
6.203944500000000062e+02 1.657837606768703889e-49
6.218250799999999572e+02 1.662431086872241052e-49
6.232590199999999641e+02 1.667047580296035907e-49
6.246962600000000521e+02 1.671687156285440773e-49
6.261368099999999686e+02 1.676354060549809000e-49
6.275806900000000041e+02 1.681045428306916025e-49
6.290278899999999567e+02 1.685760185160100004e-49
6.304784399999999778e+02 1.690498566242929179e-49
6.319323200000000043e+02 1.695264595835281098e-49
6.333895700000000488e+02 1.700055476329440915e-49
6.348501700000000483e+02 1.704870293505625216e-49
6.363141399999999521e+02 1.709709037482384234e-49
6.377814799999999877e+02 1.714576004538721221e-49
6.392522099999999909e+02 1.719468300126784163e-49
6.407263299999999617e+02 1.724384840158369003e-49
6.422038499999999885e+02 1.729325864906895672e-49
6.436847800000000461e+02 1.734295447186129062e-49
6.451691200000000208e+02 1.739290843497636252e-49
6.466568800000000010e+02 1.744310964972600668e-49
6.481480800000000499e+02 1.749355971041809103e-49
6.496427099999999655e+02 1.754430042930889294e-49
6.511408000000000129e+02 1.759530422817048872e-49
6.526423300000000154e+02 1.764655932964864224e-49
6.541473300000000108e+02 1.769806818941183723e-49
6.556557999999999993e+02 1.774987287837604183e-49
6.571677499999999554e+02 1.780194398522500295e-49
6.586831799999999930e+02 1.785427136119224458e-49
6.602021099999999478e+02 1.790685749085025349e-49
6.617245400000000473e+02 1.795974470765720978e-49
6.632504800000000387e+02 1.801290259392100128e-49
6.647799400000000105e+02 1.806632265223008921e-49
6.663129300000000512e+02 1.812000484624800478e-49
6.678494500000000471e+02 1.817399262093156270e-49
6.693895199999999477e+02 1.822825709760968467e-49
6.709331399999999803e+02 1.828278803674129039e-49
6.724803100000000313e+02 1.833758712563280900e-49
6.740310600000000250e+02 1.839269551530435921e-49
6.755853799999999865e+02 1.844808588025224524e-49
6.771432800000000043e+02 1.850374793456288533e-49
6.787047800000000279e+02 1.855968252902499730e-49
6.802698799999999437e+02 1.861593193761856074e-49
6.818385899999999538e+02 1.867246782145800859e-49
6.834109099999999444e+02 1.872928070920921073e-49
6.849868599999999788e+02 1.878637147189503588e-49
6.865664500000000317e+02 1.884378265649475692e-49
6.881496700000000146e+02 1.890148489802243531e-49
6.897365499999999656e+02 1.895946867870784198e-49
6.913270899999999983e+02 1.901773663048900437e-49
6.929212999999999738e+02 1.907632896072848683e-49
6.945191800000000057e+02 1.913521875680040786e-49
6.961207399999999552e+02 1.919439558565281318e-49
6.977259999999999991e+02 1.925386035566840804e-49
6.993349699999999984e+02 1.931365616763024904e-49
7.009476399999999785e+02 1.937375420203128802e-49
7.025640300000000025e+02 1.943414485430624988e-49
7.041841500000000451e+02 1.949482905396601364e-49
7.058079999999999927e+02 1.955584930224015739e-49
7.074356000000000222e+02 1.961717749786089262e-49
7.090669500000000198e+02 1.967880310475208975e-49
7.107020599999999604e+02 1.974072795830520915e-49
7.123409500000000207e+02 1.980299484309135654e-49
7.139836099999999988e+02 1.986557460622595827e-49
7.156300599999999577e+02 1.992845844255204256e-49
7.172803099999999858e+02 1.999164643056361109e-49
7.189343699999999444e+02 2.005518253358168788e-49
7.205922299999999723e+02 2.011903653354000946e-49
7.222539299999999685e+02 2.018320047964089081e-49
7.239194499999999834e+02 2.024767446677055883e-49
7.255888099999999667e+02 2.031250185388449014e-49
7.272620299999999816e+02 2.037765404808225222e-49
7.289391000000000531e+02 2.044312035536760821e-49
7.306200400000000172e+02 2.050890359577049093e-49
7.323048499999999876e+02 2.057504561356176544e-49
7.339935500000000275e+02 2.064151855311843541e-49
7.356861499999999978e+02 2.070831166780995592e-49
7.373826500000000124e+02 2.077542690044761289e-49
7.390830600000000459e+02 2.084290820473155909e-49
7.407873899999999594e+02 2.091072482236516382e-49
7.424956499999999551e+02 2.097886869263025117e-49
7.442078500000000076e+02 2.104734087419160787e-49
7.459239999999999782e+02 2.111618470522500132e-49
7.476440999999999804e+02 2.118537015994624338e-49
7.493681800000000521e+02 2.125488914150625317e-49
7.510962299999999914e+02 2.132474180838399774e-49
7.528282600000000002e+02 2.139497272089999854e-49
7.545642900000000282e+02 2.146555259988624256e-49
7.563043199999999615e+02 2.153647146019216341e-49
7.580483600000000024e+02 2.160773040301455934e-49
7.597964299999999866e+02 2.167937430043225352e-49
7.615485200000000532e+02 2.175137276426688902e-49
7.633046600000000126e+02 2.182371668971320894e-49
7.650648499999999785e+02 2.189640813785604357e-49
7.668290899999999510e+02 2.196948948910884024e-49
7.685974099999999680e+02 2.204293297809603954e-49
7.703698000000000548e+02 2.211672852037476045e-49
7.721462800000000470e+02 2.219087726553636104e-49
7.739268499999999449e+02 2.226542377807503702e-49
7.757115300000000389e+02 2.234033918362624250e-49
7.775003299999999626e+02 2.241561240026641179e-49
7.792932499999999436e+02 2.249124649453969165e-49
7.810903100000000450e+02 2.256728540371368390e-49
7.828915100000000393e+02 2.264369912476815661e-49
7.846968600000000151e+02 2.272047937328016375e-49
7.865063800000000356e+02 2.279762639859600274e-49
7.883200699999999870e+02 2.287518540560099675e-49
7.901379399999999578e+02 2.295312716374083893e-49
7.919600000000000364e+02 2.303144239477225376e-49
7.937862699999999450e+02 2.311013232854001577e-49
7.956167500000000246e+02 2.318924250144099582e-49
7.974514400000000478e+02 2.326874350634595826e-49
7.992903700000000526e+02 2.334862602413055730e-49
8.011335400000000391e+02 2.342889228366800687e-49
8.029809599999999818e+02 2.350958719262596354e-49
8.048326399999999694e+02 2.359068310798081175e-49
8.066885899999999765e+02 2.367217067943025347e-49
8.085488199999999779e+02 2.375405218420640853e-49
8.104133399999999483e+02 2.383637775635168687e-49
8.122821599999999762e+02 2.391911864294975913e-49
8.141552900000000363e+02 2.400226744267881139e-49
8.160327399999999898e+02 2.408582945763855824e-49
8.179145200000000386e+02 2.416986410076736488e-49
8.198006400000000440e+02 2.425435239669263673e-49
8.216911000000000058e+02 2.433929496586640805e-49
8.235859299999999621e+02 2.442470824249599671e-49
8.254851200000000517e+02 2.451072263973024600e-49
8.273886999999999716e+02 2.459739211594563760e-49
8.292966599999999744e+02 2.468484453984025265e-49
8.312090299999999843e+02 2.477327638017600090e-49
8.331258000000000266e+02 2.486399547716099666e-49
8.350470000000000255e+02 2.496100921468036340e-49
8.369726200000000063e+02 2.509554210893401008e-49
8.389026900000000069e+02 2.529895543936489165e-49
8.408372000000000526e+02 2.571916693108624246e-49
8.427761799999999539e+02 2.558536903048324398e-49
8.447196300000000520e+02 2.541714271283888957e-49
8.466675599999999804e+02 2.548932928093763837e-49
8.486199800000000550e+02 2.557535983535569063e-49
8.505769000000000233e+02 2.566393349733889296e-49
8.525383399999999483e+02 2.575406598359296257e-49
8.545042999999999438e+02 2.584521765828864166e-49
8.564747899999999845e+02 2.593721177530921500e-49
8.584498300000000199e+02 2.602979686554024959e-49
8.604294200000000501e+02 2.612291490157561101e-49
8.624135800000000245e+02 2.621654122772280922e-49
8.644023100000000568e+02 2.631071255772961232e-49
8.663956299999999828e+02 2.640536925684024684e-49
8.683935400000000300e+02 2.650049449634160891e-49
8.703960700000000088e+02 2.659608575960449410e-49
8.724032099999999446e+02 2.669218803657288834e-49
8.744149800000000141e+02 2.678876589358225280e-49
8.764313799999999901e+02 2.688580541122576065e-49
8.784524400000000242e+02 2.698331022393443923e-49
8.804781600000000026e+02 2.708132353598961516e-49
8.825085500000000138e+02 2.717981482821695583e-49
8.845436200000000326e+02 2.727877319937225308e-49
8.865833800000000338e+02 2.737820231265855649e-49
8.886278499999999667e+02 2.747814464159999826e-49
8.906770299999999452e+02 2.757857154212416285e-49
8.927309400000000323e+02 2.767947309351224863e-49
8.947895899999999756e+02 2.778085194511936104e-49
8.968529800000000023e+02 2.788275194582640883e-49
8.989211299999999483e+02 2.798514425574169198e-49
9.009940500000000156e+02 2.808801995489424496e-49
9.030717499999999518e+02 2.819138173140249262e-49
9.051542399999999589e+02 2.829527271276600827e-49
9.072415300000000116e+02 2.839966386082224938e-49
9.093336399999999458e+02 2.850454727122499755e-49
9.114305699999999888e+02 2.860992567133009557e-49
9.135323300000000017e+02 2.871584252737225046e-49
9.156389400000000478e+02 2.882226860640624736e-49
9.177504099999999880e+02 2.892919596513423995e-49
9.198667500000000246e+02 2.903662629294735991e-49
9.219879700000000184e+02 2.914460555233536135e-49
9.241140799999999444e+02 2.925310215582769461e-49
9.262450999999999794e+02 2.936211028217855553e-49
9.283810300000000097e+02 2.947163057328399756e-49
9.305218800000000101e+02 2.958170826686761133e-49
9.326676700000000437e+02 2.969231482329024572e-49
9.348184099999999717e+02 2.980344004245729277e-49
9.369741099999999960e+02 2.991508895417344106e-49
9.391347799999999779e+02 3.002730387980624782e-49
9.413004300000000057e+02 3.014005717801521350e-49
9.434710800000000290e+02 3.025333969217295944e-49
9.456467300000000478e+02 3.036715431172800471e-49
9.478274000000000115e+02 3.048154479488835891e-49
9.500130900000000338e+02 3.059648441899921116e-49
9.522038300000000390e+02 3.071196287640624684e-49
9.543996200000000272e+02 3.082798420886115948e-49
9.566004699999999730e+02 3.094459141946769173e-49
9.588064000000000533e+02 3.106175648955624626e-49
9.610174200000000155e+02 3.117947128093561271e-49
9.632335299999999734e+02 3.129773877361923705e-49
9.654547499999999900e+02 3.141660231765225143e-49
9.676811000000000149e+02 3.153603482558115916e-49
9.699125800000000481e+02 3.165602699888720916e-49
9.721491999999999507e+02 3.177658186059840469e-49
9.743909899999999880e+02 3.189774311179568777e-49
9.766379399999999578e+02 3.201948347949121537e-49
9.788900800000000118e+02 3.214179474862755884e-49
9.811473999999999478e+02 3.226467885624035540e-49
9.834099400000000060e+02 3.238817985856995924e-49
9.856776899999999841e+02 3.251227143538089088e-49
9.879506699999999455e+02 3.263694419335008492e-49
9.902288899999999785e+02 3.276220010499076188e-49
9.925123700000000326e+02 3.288808473281956230e-49
9.948011099999999942e+02 3.301456928389635773e-49
9.970951300000000401e+02 3.314164660963524552e-49
9.993944300000000567e+02 3.326931872511843722e-49
1.001698999999999955e+03 3.339763041606488806e-49
1.004009000000000015e+03 3.352655268885923918e-49
1.006324200000000019e+03 3.365607952099600378e-49
1.008644800000000032e+03 3.378621064572649418e-49
1.010970800000000054e+03 3.391699353936804032e-49
1.013302099999999996e+03 3.404839901212035872e-49
1.015638699999999972e+03 3.418041868416483926e-49
1.017980800000000045e+03 3.431305581558409300e-49
1.020328300000000013e+03 3.444635593876323877e-49
1.022681199999999990e+03 3.458028848270049331e-49
1.025039500000000089e+03 3.471484855198863840e-49
1.027403199999999970e+03 3.485003710566400304e-49
1.029772400000000061e+03 3.498589886956640491e-49
1.032147099999999909e+03 3.512240779033920986e-49
1.034527199999999993e+03 3.525955303860025623e-49
1.036912900000000036e+03 3.539734034800896051e-49
1.039304000000000087e+03 3.553581244534083495e-49
1.041700599999999895e+03 3.567494309535024747e-49
1.044102799999999888e+03 3.581472260232408594e-49
1.046510500000000093e+03 3.595515557413923454e-49
1.048923800000000028e+03 3.609628629634224540e-49
1.051342599999999948e+03 3.623808594894084686e-49
1.053767000000000053e+03 3.638054839364100165e-49
1.056196999999999889e+03 3.652367589302041484e-49
1.058632599999999911e+03 3.666751310334436269e-49
1.061073799999999892e+03 3.681203342672241074e-49
1.063520700000000033e+03 3.695722706511935862e-49
1.065973099999999931e+03 3.710309996834595373e-49
1.068431299999999965e+03 3.724969352005729412e-49
1.070895099999999957e+03 3.739698337343329094e-49
1.073364600000000110e+03 3.754495968219364044e-49
1.075839799999999968e+03 3.769362601668224494e-49
1.078320699999999988e+03 3.784302779455968916e-49
1.080807299999999941e+03 3.799313804753476413e-49
1.083299600000000055e+03 3.814394687337795917e-49
1.085797700000000077e+03 3.829546036822275524e-49
1.088301600000000008e+03 3.844772186775528445e-49
1.090811200000000099e+03 3.860070421186224681e-49
1.093326600000000099e+03 3.875439993193024174e-49
1.095847899999999981e+03 3.890881146717183911e-49
1.098374900000000025e+03 3.906398501411343979e-49
1.100907799999999952e+03 3.921989197369368557e-49
1.103446500000000015e+03 3.937652609515523779e-49
1.105990999999999985e+03 3.953389112464323628e-49
1.108541400000000067e+03 3.969202988595321476e-49
1.111097700000000032e+03 3.985091735421889176e-49
1.113659900000000107e+03 4.001054347116544277e-49
1.116228100000000040e+03 4.017091456319840932e-49
1.118802100000000110e+03 4.033207509836521303e-49
1.121382000000000062e+03 4.049399607121449393e-49
1.123968000000000075e+03 4.065667118357055487e-49
1.126559799999999996e+03 4.082010429515768783e-49
1.129157699999999977e+03 4.098434025494168369e-49
1.131761500000000069e+03 4.114935241313120342e-49
1.134371399999999994e+03 4.131513188815104266e-49
1.136987300000000005e+03 4.148168388188176558e-49
1.139609200000000101e+03 4.164905234549929158e-49
1.142237100000000055e+03 4.181721173080440696e-49
1.144871100000000069e+03 4.198615311538728934e-49
1.147511199999999917e+03 4.215588177408721151e-49
1.150157400000000052e+03 4.232644204500624702e-49
1.152809600000000046e+03 4.249780559696281842e-49
1.155468000000000075e+03 4.266996736996008432e-49
1.158132499999999936e+03 4.284293141158143360e-49
1.160803200000000061e+03 4.301674113948201320e-49
1.163480000000000018e+03 4.319136933059881140e-49
1.166163000000000011e+03 4.336681223231289136e-49
1.168852200000000039e+03 4.354307000531928811e-49
1.171547600000000102e+03 4.372018908107535317e-49
1.174249199999999973e+03 4.389814337194275610e-49
1.176957000000000107e+03 4.407692647887936684e-49
1.179671100000000024e+03 4.425653991796920437e-49
1.182391399999999976e+03 4.443703053143235373e-49
1.185117999999999938e+03 4.461837205090224755e-49
1.187850899999999911e+03 4.480055671835524153e-49
1.190590099999999893e+03 4.498358876877635532e-49
1.193335600000000113e+03 4.516751277968399269e-49
1.196087500000000091e+03 4.535230363886161273e-49
1.198845600000000104e+03 4.553795490657856242e-49
1.201610200000000077e+03 4.572446818816900095e-49
1.204381100000000060e+03 4.591189116122596563e-49
1.207158400000000029e+03 4.610019583265625441e-49
1.209942099999999982e+03 4.628937709472208401e-49
1.212732299999999896e+03 4.647943796188900417e-49
1.215528800000000047e+03 4.667042381220025262e-49
1.218331899999999905e+03 4.686231055426704461e-49
1.221141300000000001e+03 4.705509034404368603e-49
1.223957300000000032e+03 4.724876762832121884e-49
1.226779800000000023e+03 4.744338957822244069e-49
1.229608699999999999e+03 4.763893057363521033e-49
1.232444199999999910e+03 4.783538551396899756e-49
1.235286200000000008e+03 4.803276032760240764e-49
1.238134800000000041e+03 4.823110681007161566e-49
1.240990000000000009e+03 4.843041035825521544e-49
1.243851699999999937e+03 4.863067436075808817e-49
1.246720000000000027e+03 4.883192597464336000e-49
1.249595000000000027e+03 4.903432841034255485e-49
1.252476599999999962e+03 4.923824268781089370e-49
1.255364800000000059e+03 4.944650938876943804e-49
1.258259700000000066e+03 4.966274595239999747e-49
1.261161200000000008e+03 4.990976284572963818e-49
1.264069500000000062e+03 5.009134880158564557e-49
1.266984400000000051e+03 5.026897916384399910e-49
1.269906099999999924e+03 5.047588537382689432e-49
1.272834499999999935e+03 5.068520564892848741e-49
1.275769700000000057e+03 5.089572667420081631e-49
1.278711600000000089e+03 5.110734312359999899e-49
1.281660300000000007e+03 5.132000178480399392e-49
1.284615800000000036e+03 5.153372651130024684e-49
1.287578199999999924e+03 5.174846795942464346e-49
1.290547299999999950e+03 5.196421672164100826e-49
1.293523300000000063e+03 5.218097340487201462e-49
1.296506200000000035e+03 5.239878348096016190e-49
1.299496000000000095e+03 5.261761879228008447e-49
1.302492600000000039e+03 5.283747127814544696e-49
1.305496200000000044e+03 5.305834735827920940e-49
1.308506699999999910e+03 5.328028852249103762e-49
1.311524100000000089e+03 5.350327368148624806e-49
1.314548500000000104e+03 5.372729327601216043e-49
1.317579799999999977e+03 5.395235380534755363e-49
1.320618199999999888e+03 5.417849860542025615e-49
1.323663500000000113e+03 5.440570497009728660e-49
1.326715899999999920e+03 5.463396624232848596e-49
1.329775300000000016e+03 5.486328753899536788e-49
1.332841799999999921e+03 5.509371259569321213e-49
1.335915400000000091e+03 5.532521706331929410e-49
1.338996000000000095e+03 5.555779723632609778e-49
1.342083699999999908e+03 5.579145533167683895e-49
1.345178599999999960e+03 5.602623997059683968e-49
1.348280600000000049e+03 5.626212215302560929e-49
1.351389699999999948e+03 5.649910117501455806e-49
1.354506000000000085e+03 5.673717781087224493e-49
1.357629500000000007e+03 5.697639961840368436e-49
1.360760199999999941e+03 5.721674191779001362e-49
1.363898200000000088e+03 5.745819950608969456e-49
1.367043300000000045e+03 5.770077774816784451e-49
1.370195699999999988e+03 5.794452009204804654e-49
1.373355399999999918e+03 5.818940472720400774e-49
1.376522400000000061e+03 5.843542339480355747e-49
1.379696599999999989e+03 5.868258459584480917e-49
1.382878200000000106e+03 5.893093219255224980e-49
1.386067199999999957e+03 5.918044269738276345e-49
1.389263400000000047e+03 5.943110935980625399e-49
1.392467100000000073e+03 5.968293925410755748e-49
1.395678100000000086e+03 5.993597665152241031e-49
1.398896600000000035e+03 6.019019790204963848e-49
1.402122399999999971e+03 6.044559778952288478e-49
1.405355800000000045e+03 6.070218193676025924e-49
1.408596500000000106e+03 6.095999658995688717e-49
1.411844800000000077e+03 6.121901638026724380e-49
1.415100500000000011e+03 6.147923765237809360e-49
1.418363700000000108e+03 6.174066612402441374e-49
1.421634499999999889e+03 6.200334533293209126e-49
1.424912800000000061e+03 6.226725445617609380e-49
1.428198599999999942e+03 6.253238512011241429e-49
1.431492099999999937e+03 6.279874628835600256e-49
1.434793100000000095e+03 6.306638191779024473e-49
1.438101699999999937e+03 6.333526946404681319e-49
1.441417999999999893e+03 6.360540211470025757e-49
1.444741899999999987e+03 6.387678735932024827e-49
1.448073499999999967e+03 6.414947117023224978e-49
1.451412800000000061e+03 6.442342925338848227e-49
1.454759800000000041e+03 6.469865638475624753e-49
1.458114399999999932e+03 6.497516016623241169e-49
1.461476899999999887e+03 6.525298539662400146e-49
1.464846999999999980e+03 6.553211894551920554e-49
1.468224999999999909e+03 6.581255565503843936e-49
1.471610699999999952e+03 6.609429679963200948e-49
1.475004300000000057e+03 6.637738274403856367e-49
1.478405600000000049e+03 6.666179211968928299e-49
1.481814900000000080e+03 6.694751807460369141e-49
1.485231899999999996e+03 6.723457006962720605e-49
1.488656899999999951e+03 6.752299048795876107e-49
1.492089699999999993e+03 6.781275781644003369e-49
1.495530500000000075e+03 6.810386848404623619e-49
1.498979199999999992e+03 6.839632713093184492e-49
1.502435899999999947e+03 6.869018150611598316e-49
1.505900499999999965e+03 6.898540831077026609e-49
1.509373100000000022e+03 6.928200232827722108e-49
1.512853800000000092e+03 6.957996994622881998e-49
1.516342399999999998e+03 6.987935937515623212e-49
1.519839099999999917e+03 7.018014549035281902e-49
1.523343900000000076e+03 7.048232474877502052e-49
1.526856700000000046e+03 7.078590532609601549e-49
1.530377600000000029e+03 7.109093085131844364e-49
1.533906700000000001e+03 7.139737939180900448e-49
1.537443899999999985e+03 7.170524911818305024e-49
1.540989299999999957e+03 7.201454324672687223e-49
1.544542799999999943e+03 7.232531091515521590e-49
1.548104499999999916e+03 7.263752835888408117e-49
1.551674500000000080e+03 7.295120232498577215e-49
1.555252600000000029e+03 7.326636184275985076e-49
1.558839099999999917e+03 7.358325404385125273e-49
1.562433800000000019e+03 7.390162440330917401e-49
1.566036700000000110e+03 7.422146944445690195e-49
1.569647999999999911e+03 7.454279771625242176e-49
1.573267700000000104e+03 7.486564895903843504e-49
1.576895600000000059e+03 7.519000772957583806e-49
1.580531999999999925e+03 7.551586884617688521e-49
1.584176699999999983e+03 7.584323750048528055e-49
1.587829799999999977e+03 7.617216078968896876e-49
1.591491299999999910e+03 7.650261796350623651e-49
1.595161299999999983e+03 7.683460558933200538e-49
1.598839799999999968e+03 7.716813071324448186e-49
1.602526699999999892e+03 7.750323738461929818e-49
1.606222199999999930e+03 7.783990647863327474e-49
1.609926099999999906e+03 7.817813458560000257e-49
1.613638599999999997e+03 7.851792886577649680e-49
1.617359699999999975e+03 7.885933380517285344e-49
1.621089300000000094e+03 7.920233194558862436e-49
1.624827600000000075e+03 7.954691634490083022e-49
1.628574399999999969e+03 7.989309784277721648e-49
1.632329999999999927e+03 8.024092137826209996e-49
1.636094100000000026e+03 8.059036402002494615e-49
1.639866999999999962e+03 8.094142599307210543e-49
1.643648500000000013e+03 8.129411650562500605e-49
1.647438799999999901e+03 8.164847734045206643e-49
1.651237800000000107e+03 8.200449265294223155e-49
1.655045599999999922e+03 8.236216094467201543e-49
1.658862100000000055e+03 8.272148976336024372e-49
1.662687400000000025e+03 8.308253955341377477e-49
1.666521600000000035e+03 8.344531096044024017e-49
1.670364600000000110e+03 8.380988882203082365e-49
1.674216499999999996e+03 8.417680640830562049e-49
1.678077299999999923e+03 8.455191636877454943e-49
1.681946899999999914e+03 8.491936918710434511e-49
1.685825499999999920e+03 8.528649943476100690e-49
1.689712999999999965e+03 8.565746463537123149e-49
1.693609500000000025e+03 8.603193211560001385e-49
1.697515000000000100e+03 8.640826487954114990e-49
1.701429499999999962e+03 8.678639712053090648e-49
1.705353000000000065e+03 8.716630349506815838e-49
1.709285499999999956e+03 8.754802015275801327e-49
1.713227200000000039e+03 8.793151975588864295e-49
1.717177899999999909e+03 8.831679536264256709e-49
1.721137699999999995e+03 8.870385876791077437e-49
1.725106700000000046e+03 8.909275203547848317e-49
1.729084800000000087e+03 8.948345701724414789e-49
1.733072100000000091e+03 8.987597053431844140e-49
1.737068500000000085e+03 9.027030074147856582e-49
1.741074200000000019e+03 9.066649581729935235e-49
1.745089199999999892e+03 9.106453370652120689e-49
1.749113299999999981e+03 9.146441507220900528e-49
1.753146799999999985e+03 9.186614821048899601e-49
1.757189599999999928e+03 9.226977603036965666e-49
1.761241700000000037e+03 9.267528401608009878e-49
1.765303100000000086e+03 9.308266906009599053e-49
1.769373900000000049e+03 9.349194152295360279e-49
1.773454099999999926e+03 9.390314282405953747e-49
1.777543699999999944e+03 9.431625837767363773e-49
1.781642700000000104e+03 9.473128705340002180e-49
1.785751199999999926e+03 9.514823742305765686e-49
1.789869200000000092e+03 9.556715328470117566e-49
1.793996599999999944e+03 9.598801999522575190e-49
1.798133599999999888e+03 9.641083255804323370e-49
1.802280099999999948e+03 9.683560360236890187e-49
1.806436200000000099e+03 9.726237738456101201e-49
1.810601799999999912e+03 9.769113722735931108e-49
1.814777100000000019e+03 9.812188013007121331e-49
1.818961999999999989e+03 9.855461890553039102e-49
1.823156500000000051e+03 9.898939628362223843e-49
1.827360699999999952e+03 9.942619749334596016e-49
1.831574599999999919e+03 9.986501758140195047e-49
1.835798299999999927e+03 1.003058735395240065e-48
1.840031600000000026e+03 1.007487965169000002e-48
1.844274799999999914e+03 1.011938017971690062e-48
1.848527700000000095e+03 1.016408361972639917e-48
1.852790400000000091e+03 1.020899672657639809e-48
1.857062899999999900e+03 1.025412023451689968e-48
1.861345299999999952e+03 1.029945284988839810e-48
1.865637600000000020e+03 1.034499529712250138e-48
1.869939800000000105e+03 1.039075034110089870e-48
1.874251899999999978e+03 1.043671872326760161e-48
1.878573900000000094e+03 1.048290323460249958e-48
1.882905899999999974e+03 1.052930052926440030e-48
1.887247900000000072e+03 1.057591134056249890e-48
1.891599899999999934e+03 1.062274258755609961e-48
1.895961999999999989e+03 1.066979091630240085e-48
1.900334100000000035e+03 1.071705707916840124e-48
1.904716300000000047e+03 1.076454390538240148e-48
1.909108600000000024e+03 1.081225216472040088e-48
1.913510999999999967e+03 1.086018262884000097e-48
1.917923500000000104e+03 1.090833607128039940e-48
1.922346299999999928e+03 1.095671117397609897e-48
1.926779199999999946e+03 1.100531289656410049e-48
1.931222400000000107e+03 1.105414203214240189e-48
1.935675799999999981e+03 1.110319726832409857e-48
1.940139499999999998e+03 1.115248783651560165e-48
1.944613499999999931e+03 1.120211830080360082e-48
1.949097800000000007e+03 1.125202018629160237e-48
1.953592399999999998e+03 1.130216692572249935e-48
1.958097400000000107e+03 1.135254449482240122e-48
1.962612800000000107e+03 1.140316009593639860e-48
1.967138599999999997e+03 1.145400814755999845e-48
1.971674800000000005e+03 1.150509159400410130e-48
1.976221500000000106e+03 1.155641340057759876e-48
1.980778700000000072e+03 1.160797224409000022e-48
1.985346399999999903e+03 1.165977326298490031e-48
1.989924600000000055e+03 1.171181297847690033e-48
1.994513400000000047e+03 1.176409221375999811e-48
1.999112800000000107e+03 1.181661831623289956e-48
2.003722700000000032e+03 1.186938561982409881e-48
2.008343299999999999e+03 1.192239932126759878e-48
2.012974600000000009e+03 1.197565590355559979e-48
2.017616500000000087e+03 1.202916278045160116e-48
2.022269199999999955e+03 1.208291863262889981e-48
2.026932499999999891e+03 1.213692212329000240e-48
2.031606700000000046e+03 1.219117631459559854e-48
2.036291600000000017e+03 1.224568429044840057e-48
2.040987300000000005e+03 1.230044472031689903e-48
2.045693800000000010e+03 1.235545847911209983e-48
2.050411200000000008e+03 1.241072644383359777e-48
2.055139400000000023e+03 1.246625395966439970e-48
2.059878600000000006e+03 1.252203746164809825e-48
2.064628700000000208e+03 1.257808007616160141e-48
2.069389799999999923e+03 1.263438045561760219e-48
2.074161799999999857e+03 1.269094624680999980e-48
2.078944800000000214e+03 1.274777612660250128e-48
2.083738899999999830e+03 1.280486649078809997e-48
2.088543999999999869e+03 1.286222730629760108e-48
2.093360200000000077e+03 1.291987089667210165e-48
2.098187500000000000e+03 1.304145499665610215e-48
2.103025900000000092e+03 1.311667194624160085e-48
2.107875500000000102e+03 1.309434848469159915e-48
2.112736300000000028e+03 1.315302539448959804e-48
2.117608299999999872e+03 1.321198750242810162e-48
2.122491500000000087e+03 1.327122892867240086e-48
2.127385999999999967e+03 1.333074604332249888e-48
2.132291799999999967e+03 1.339054212060010233e-48
2.137208799999999883e+03 1.345061349916839925e-48
2.142137299999999868e+03 1.351096577742240258e-48
2.147077099999999973e+03 1.357159527789609859e-48
2.152028200000000197e+03 1.363250995955560148e-48
2.156990800000000036e+03 1.369370614441210195e-48
2.161964899999999943e+03 1.375518715190010305e-48
2.166950400000000172e+03 1.381694927207040084e-48
2.171947400000000016e+03 1.387900289227240068e-48
2.176955899999999929e+03 1.394134195637159924e-48
2.181976000000000113e+03 1.400397218102439720e-48
2.187007599999999911e+03 1.406688983936640048e-48
2.192050900000000183e+03 1.413010305141210285e-48
2.197105799999999817e+03 1.419360808982489942e-48
2.202172300000000178e+03 1.425740596318440038e-48
2.207250500000000102e+03 1.432150007590090049e-48
2.212340499999999793e+03 1.438589385626409965e-48
2.217442100000000210e+03 1.445058594814809710e-48
2.222555600000000140e+03 1.451557738597210025e-48
2.227680800000000090e+03 1.458086920661289710e-48
2.232817900000000009e+03 1.464646729030810044e-48
2.237966800000000148e+03 1.471236785970250191e-48
2.243127500000000055e+03 1.477857439046559724e-48
2.248300200000000132e+03 1.484508550896810056e-48
2.253484800000000178e+03 1.491190959134889806e-48
2.258681399999999940e+03 1.497904284320999965e-48
2.263889900000000125e+03 1.504648388209209831e-48
2.269110400000000027e+03 1.511423868240040080e-48
2.274342999999999847e+03 1.518231080091039823e-48
2.279587700000000041e+03 1.525069887943840156e-48
2.284844399999999951e+03 1.531940154026489923e-48
2.290113299999999981e+03 1.538842234800639982e-48
2.295394299999999930e+03 1.545776737873289993e-48
2.300687500000000000e+03 1.552743029499210045e-48
2.305992900000000191e+03 1.559741718374439929e-48
2.311310500000000047e+03 1.566772917264000061e-48
2.316640400000000227e+03 1.573836739202249824e-48
2.321982599999999820e+03 1.580933548963240028e-48
2.327337100000000191e+03 1.588062957745689842e-48
2.332704000000000178e+03 1.595225330297290076e-48
2.338083200000000033e+03 1.602421287076839800e-48
2.343474900000000162e+03 1.609650692144009949e-48
2.348878900000000158e+03 1.616913153240999943e-48
2.354295500000000175e+03 1.624209548247040242e-48
2.359724499999999807e+03 1.631539995806249837e-48
2.365166000000000167e+03 1.638904102769609710e-48
2.370620100000000093e+03 1.646302498122239895e-48
2.376086800000000039e+03 1.653735301356959857e-48
2.381566100000000006e+03 1.661202632252250078e-48
2.387057999999999993e+03 1.668704352515560113e-48
2.392562600000000202e+03 1.676241098627289752e-48
2.398079799999999977e+03 1.683812473923999750e-48
2.403609800000000178e+03 1.691419377897639803e-48
2.409152599999999893e+03 1.699061413880249867e-48
2.414708099999999831e+03 1.706738964652839690e-48
2.420276400000000194e+03 1.714451891892640133e-48
2.425857599999999820e+03 1.722200842602250043e-48
2.431451599999999871e+03 1.729985679636639953e-48
2.437058599999999842e+03 1.737806527429210300e-48
2.442678499999999985e+03 1.745663510707360097e-48
2.448311299999999846e+03 1.753557284180250256e-48
2.453957100000000082e+03 1.761487445868159993e-48
2.459615999999999985e+03 1.769454387430560035e-48
2.465287899999999809e+03 1.777458236582249814e-48
2.470972800000000007e+03 1.785499655830810150e-48
2.476670900000000074e+03 1.793577973572090155e-48
2.482382099999999809e+03 1.801693853529610157e-48
2.488106499999999869e+03 1.809847157391359724e-48
2.493844099999999798e+03 1.818038553731560120e-48
2.499594900000000052e+03 1.826268175746009877e-48
2.505358999999999924e+03 1.834535886060159959e-48
2.511136399999999867e+03 1.842842359676889913e-48
2.516927099999999882e+03 1.851193447044489698e-48
2.522731200000000172e+03 1.859575141173760194e-48
2.528548600000000079e+03 1.867993261770250009e-48
2.534379399999999805e+03 1.876452036732250003e-48
2.540223700000000008e+03 1.884951887160250243e-48
2.546081499999999778e+03 1.893491585763999839e-48
2.551952800000000025e+03 1.902070720673640099e-48
2.557837599999999838e+03 1.910689704728999983e-48
2.563735999999999876e+03 1.919348676511359615e-48
2.569648000000000138e+03 1.928048052638890271e-48
2.575573600000000170e+03 1.936787695899040035e-48
2.581512900000000172e+03 1.945567466895999896e-48
2.587465900000000147e+03 1.954388342431359888e-48
2.593432600000000093e+03 1.963250186296089776e-48
2.599413100000000213e+03 1.972153140955690161e-48
2.605407400000000052e+03 1.981097067710250134e-48
2.611415500000000065e+03 1.990082672068409788e-48
2.617437399999999798e+03 1.999110099421209781e-48
2.623473199999999906e+03 2.008179212085760090e-48
2.629523000000000138e+03 2.017290154219559973e-48
2.635586699999999837e+03 2.026443924436840054e-48
2.641664400000000114e+03 2.035639817322249865e-48
2.647756100000000060e+03 2.044878264057759608e-48
2.653861800000000130e+03 2.054159698755999855e-48
2.659981600000000071e+03 2.063484271178889773e-48
2.666115600000000086e+03 2.072852131444089869e-48
2.672263699999999972e+03 2.082263141424010045e-48
2.678425900000000183e+03 2.091718028495289990e-48
2.684602400000000216e+03 2.101216655894760013e-48
2.690793099999999868e+03 2.110759465732090225e-48
2.696998099999999795e+03 2.120346611881000009e-48
2.703217399999999998e+03 2.129977956691359810e-48
2.709451000000000022e+03 2.139654237882489882e-48
2.715699099999999817e+03 2.149375319195040163e-48
2.721961499999999887e+03 2.159141355962890081e-48
2.728238299999999981e+03 2.168952503884959980e-48
2.734529700000000048e+03 2.178809804672640069e-48
2.740835500000000138e+03 2.188712533128040015e-48
2.747155900000000202e+03 2.198660846059239963e-48
2.753490899999999783e+03 2.208655495101160337e-48
2.759840499999999793e+03 2.218696641841000221e-48
2.766204699999999775e+03 2.228784448249960069e-48
2.772583599999999933e+03 2.238919076683240182e-48
2.778977199999999812e+03 2.249100389940010276e-48
2.785385499999999865e+03 2.259329150342249903e-48
2.791808599999999842e+03 2.269605222136809974e-48
2.798246500000000196e+03 2.279929071203560032e-48
2.804699300000000221e+03 2.290300561201209801e-48
2.811166999999999916e+03 2.300720463518760213e-48
2.817649600000000191e+03 2.311188947340249843e-48
2.824147100000000137e+03 2.321705572767360098e-48
2.830659599999999955e+03 2.332270811070759936e-48
2.837187100000000100e+03 2.342885442811689849e-48
2.843729699999999866e+03 2.353549334035240070e-48
2.850287299999999959e+03 2.364262655932809762e-48
2.856860099999999875e+03 2.375025271876890057e-48
2.863448100000000068e+03 2.385838278532809818e-48
2.870051199999999881e+03 2.396701233260889768e-48
2.876669600000000173e+03 2.407614619200999962e-48
2.883303199999999833e+03 2.418578611683999995e-48
2.889952099999999973e+03 2.429593698197160219e-48
2.896616399999999885e+03 2.440659744573209859e-48
2.903295999999999822e+03 2.451776927388009924e-48
2.909990999999999985e+03 2.462945737506250156e-48
2.916701500000000124e+03 2.474166669062559890e-48
2.923427400000000034e+03 2.485439588867289771e-48
2.930168799999999919e+03 2.496764993340249983e-48
2.936925799999999981e+03 2.508143698944000305e-48
2.943698400000000220e+03 2.519575575952410201e-48
2.950486600000000180e+03 2.531057628528039984e-48
2.957290399999999863e+03 2.542592891601000167e-48
2.964110000000000127e+03 2.554182828397210293e-48
2.970945200000000114e+03 2.565826671672039903e-48
2.977796299999999974e+03 2.577524930275839958e-48
2.984663100000000213e+03 2.589277150953609929e-48
2.991545700000000124e+03 2.601083842713760199e-48
2.998444300000000112e+03 2.612945517936640155e-48
3.005358700000000226e+03 2.624862368363290013e-48
3.012289099999999962e+03 2.636834261422239807e-48
3.019235400000000027e+03 2.648861387543289689e-48
3.026197799999999916e+03 2.660944916344090024e-48
3.033176300000000083e+03 2.673084391849000296e-48
3.040170799999999872e+03 2.685280008069759989e-48
3.047181399999999940e+03 2.697532287955560387e-48
3.054208299999999781e+03 2.709841428672160195e-48
3.061251299999999901e+03 2.722207627849959799e-48
3.068310599999999795e+03 2.734631414318409795e-48
3.075386100000000170e+03 2.747112325922250194e-48
3.082478000000000065e+03 2.759651888399999818e-48
3.089586200000000190e+03 2.772249309053290438e-48
3.096710799999999836e+03 2.784905121612250660e-48
3.103851799999999912e+03 2.797619528793960492e-48
3.111009300000000167e+03 2.810393069075290179e-48
3.118183300000000145e+03 2.823225948417639519e-48
3.125373900000000049e+03 2.836118373268410002e-48
3.132581000000000131e+03 2.849070550560999950e-48
3.139804799999999886e+03 2.862083026068639832e-48
3.147045200000000023e+03 2.875155670886560557e-48
3.154302299999999832e+03 2.888289033310890497e-48
3.161576199999999972e+03 2.901483324550810724e-48
3.168866799999999785e+03 2.914739097764490233e-48
3.176174199999999928e+03 2.928056225260959668e-48
3.183498500000000149e+03 2.941434919745439715e-48
3.190839699999999993e+03 2.954876082010090081e-48
3.198197799999999916e+03 2.968379585881960910e-48
3.205572799999999916e+03 2.981945647927209624e-48
3.212964899999999943e+03 2.995574485219839701e-48
3.220373999999999796e+03 3.009266662286439578e-48
3.227800200000000132e+03 3.023022747329640381e-48
3.235243599999999788e+03 3.036842615185209604e-48
3.242704099999999926e+03 3.050726138035839746e-48
3.250181799999999839e+03 3.064674585889440357e-48
3.257676699999999983e+03 3.078687484237209547e-48
3.265188900000000103e+03 3.092765759601209631e-48
3.272718499999999949e+03 3.106909287863289682e-48
3.280265400000000227e+03 3.121117942225959486e-48
3.287829699999999775e+03 3.135393363897639274e-48
3.295411500000000160e+03 3.149734722900639877e-48
3.303010699999999815e+03 3.164142603133690548e-48
3.310627500000000055e+03 3.178617235703290087e-48
3.318261800000000221e+03 3.193159209645689829e-48
3.325913799999999810e+03 3.207768759600250255e-48
3.333583299999999781e+03 3.222446120759289903e-48
3.341270599999999831e+03 3.237191528868090228e-48
3.348975600000000213e+03 3.252005580891239767e-48
3.356698400000000220e+03 3.266939125049759685e-48
3.364438900000000103e+03 3.281904342647289609e-48
3.372197400000000016e+03 3.296861270221210478e-48
3.379973700000000008e+03 3.311951931153609700e-48
3.387767899999999827e+03 3.327113166213760384e-48
3.395580100000000130e+03 3.342344491264000647e-48
3.403410400000000209e+03 3.357646515499240062e-48
3.411258699999999862e+03 3.373019852030889662e-48
3.419125100000000202e+03 3.388464381595239646e-48
3.427009599999999864e+03 3.403980720143999471e-48
3.434912299999999959e+03 3.419568747897759761e-48
3.442833200000000033e+03 3.435229825031290037e-48
3.450772399999999834e+03 3.450963464793609614e-48
3.458729899999999816e+03 3.466769919016959341e-48
3.466705800000000181e+03 3.482649440121640427e-48
3.474699999999999818e+03 3.498603403389160257e-48
3.482712700000000041e+03 3.514631320225000862e-48
3.490743899999999940e+03 3.530733447405159683e-48
3.498793599999999969e+03 3.546910418970490242e-48
3.506861800000000130e+03 3.563162495482810551e-48
3.514948699999999917e+03 3.579490316506809943e-48
3.523054200000000037e+03 3.595893767169639747e-48
3.531178399999999783e+03 3.612373109875359604e-48
3.539321300000000065e+03 3.628929369630009454e-48
3.547483000000000175e+03 3.645562433427360797e-48
3.555663500000000113e+03 3.662272950883560391e-48
3.563862900000000081e+03 3.679060808508839905e-48
3.572081200000000081e+03 3.695926658928489388e-48
3.580318400000000111e+03 3.712871158913440402e-48
3.588574700000000121e+03 3.729894196883559556e-48
3.596849999999999909e+03 3.746996045512809984e-48
3.605144299999999930e+03 3.764177754171209726e-48
3.613457800000000134e+03 3.781439213219289721e-48
3.621790500000000065e+03 3.798780699925210044e-48
3.630142400000000180e+03 3.816202882908159929e-48
3.638513500000000022e+03 3.833706043419040774e-48
3.646903899999999794e+03 3.851290463370250778e-48
3.655313700000000154e+03 3.868956425335690407e-48
3.663742900000000191e+03 3.886704606845289944e-48
3.672191499999999905e+03 3.904535294506090311e-48
3.680659599999999955e+03 3.922448775599290396e-48
3.689147199999999884e+03 3.940445735091359593e-48
3.697654399999999896e+03 3.958526066420249063e-48
3.706181300000000192e+03 3.976690457728809558e-48
3.714727699999999913e+03 3.994939201743359493e-48
3.723293900000000122e+03 4.013272992540249444e-48
3.731879899999999907e+03 4.031691725393289967e-48
3.740485599999999977e+03 4.050196097598009594e-48
3.749111199999999826e+03 4.068786407402890117e-48
3.757756699999999910e+03 4.087463358105760063e-48
3.766422099999999773e+03 4.106226846859290178e-48
3.775107500000000073e+03 4.125078392635209758e-48
3.783812899999999900e+03 4.144017083458810302e-48
3.792538399999999911e+03 4.163043221103689939e-48
3.801284099999999853e+03 4.182157517049759672e-48
3.810049799999999777e+03 4.201361507117289800e-48
3.818835900000000038e+03 4.220654684698239467e-48
3.827642100000000028e+03 4.240037360052010710e-48
3.836468699999999899e+03 4.259509844164000514e-48
3.845315599999999904e+03 4.279073276182409751e-48
3.854182899999999790e+03 4.298727974238759037e-48
3.863070700000000215e+03 4.318473425979690096e-48
3.871978999999999814e+03 4.338310778465440838e-48
3.880907799999999952e+03 4.358240769600000404e-48
3.889857199999999921e+03 4.378263304899999965e-48
3.898827200000000175e+03 4.398378706253440770e-48
3.907818000000000211e+03 4.418587296300959477e-48
3.916829400000000078e+03 4.438890662556250520e-48
3.925861699999999928e+03 4.459288293187290551e-48
3.934914699999999812e+03 4.479780516020639881e-48
3.943988699999999881e+03 4.500367659648999511e-48
3.953083500000000186e+03 4.521051329196960101e-48
3.962199399999999969e+03 4.541830584880409768e-48
3.971336200000000190e+03 4.562706612030489848e-48
3.980494200000000092e+03 4.583679748209000171e-48
3.989673200000000179e+03 4.604750760944890676e-48
3.998873399999999947e+03 4.625919562184009610e-48
4.008094900000000052e+03 4.647186923022249936e-48
4.017337599999999838e+03 4.668552755035560589e-48
4.026601599999999962e+03 4.690018699154010095e-48
4.035887000000000171e+03 4.711583804294889482e-48
4.045193699999999808e+03 4.733249718970889238e-48
4.054521999999999935e+03 4.755015923880010352e-48
4.063871799999999894e+03 4.776884078150560218e-48
4.073243100000000140e+03 4.798853663137960066e-48
4.082635999999999967e+03 4.820925470392359789e-48
4.092050600000000031e+03 4.843099416038489406e-48
4.101486899999999878e+03 4.865377177600000079e-48
4.110944999999999709e+03 4.887758676921759737e-48
4.120424799999999777e+03 4.910243832649000080e-48
4.129926599999999780e+03 4.932833892802559980e-48
4.139450200000000223e+03 4.955529223963240639e-48
4.148995799999999690e+03 4.978330193575840861e-48
4.158563400000000001e+03 5.001236722680249342e-48
4.168153100000000450e+03 5.024250073959209655e-48
4.177764900000000125e+03 5.047371069860249506e-48
4.187398799999999937e+03 5.070599186760809988e-48
4.197055000000000291e+03 5.093936150625000627e-48
4.206733500000000276e+03 5.117381438568999455e-48
4.216434199999999691e+03 5.140934520296410075e-48
4.226157400000000052e+03 5.164598494170089228e-48
4.235902900000000045e+03 5.188371928880039916e-48
4.245670900000000074e+03 5.212256573546889725e-48
4.255461500000000342e+03 5.236252360138809451e-48
4.265274599999999737e+03 5.260360134756250050e-48
4.275110399999999572e+03 5.284579829097961002e-48
4.284968799999999646e+03 5.308911832377759524e-48
4.294850000000000364e+03 5.333357920360960879e-48
4.304753899999999703e+03 5.357917567749760722e-48
4.314680699999999888e+03 5.382591633705690822e-48
4.324630400000000009e+03 5.407380052430759604e-48
4.334603000000000065e+03 5.432284619366440538e-48
4.344598699999999553e+03 5.457304807656250521e-48
4.354617299999999886e+03 5.482441955982250445e-48
4.364659099999999853e+03 5.507695535104000879e-48
4.374724100000000362e+03 5.533066889907839668e-48
4.384812200000000303e+03 5.558556903344640167e-48
4.394923600000000079e+03 5.584165518439210433e-48
4.405058299999999690e+03 5.609892674849439859e-48
4.415216400000000249e+03 5.635740682812249447e-48
4.425398000000000138e+03 5.661708539790250492e-48
4.435603000000000065e+03 5.687797616028159708e-48
4.445831500000000233e+03 5.714007857280811013e-48
4.456083599999999933e+03 5.740340643440640378e-48
4.466359400000000278e+03 5.766795923357160478e-48
4.476658800000000156e+03 5.793374605248999667e-48
4.486982100000000173e+03 5.820076637772250313e-48
4.497329099999999926e+03 5.846903900583839671e-48
4.507699899999999616e+03 5.873855864095210771e-48
4.518094699999999648e+03 5.900933448345689706e-48
4.528513500000000022e+03 5.928136604952250341e-48
4.538956299999999828e+03 5.955467234382759561e-48
4.549423099999999977e+03 5.982925294803609739e-48
4.559914200000000164e+03 6.010511231263361051e-48
4.570429399999999987e+03 6.038225489856009854e-48
4.580968799999999646e+03 6.066069502896640002e-48
4.591532500000000255e+03 6.094042737932249100e-48
4.602120700000000397e+03 6.122146633927839988e-48
4.612733199999999670e+03 6.150381648013689611e-48
4.623370200000000295e+03 6.178748735539210405e-48
4.634031699999999546e+03 6.207247362651039223e-48
4.644717800000000352e+03 6.235878985145640038e-48
4.655428600000000188e+03 6.264643567329000496e-48
4.666163999999999760e+03 6.293543076942249961e-48
4.676924200000000383e+03 6.322577485096959175e-48
4.687709300000000439e+03 6.351747263449290102e-48
4.698519199999999728e+03 6.381052379550249657e-48
4.709354000000000269e+03 6.410494822920250551e-48
4.720213800000000447e+03 6.440074567992039378e-48
4.731098600000000260e+03 6.469792094377960260e-48
4.742008600000000115e+03 6.499648392704639386e-48
4.752943699999999808e+03 6.529643948362240185e-48
4.763904000000000451e+03 6.559779760124891046e-48
4.774889600000000428e+03 6.590055805788160000e-48
4.785900499999999738e+03 6.620472574178410013e-48
4.796936899999999696e+03 6.651032102640249511e-48
4.807998599999999897e+03 6.681734376006009776e-48
4.819085900000000038e+03 6.712579375533161131e-48
4.830198800000000119e+03 6.743568117611610586e-48
4.841337199999999939e+03 6.774702145145640418e-48
4.852501400000000103e+03 6.805981446521759852e-48
4.863691300000000410e+03 6.837406529492250874e-48
4.874907000000000153e+03 6.868977903002250266e-48
4.886148600000000442e+03 6.900697653340409569e-48
4.897416100000000370e+03 6.932564722956960078e-48
4.908709600000000137e+03 6.964580680020640383e-48
4.920029099999999744e+03 6.996746045577688968e-48
4.931374700000000303e+03 7.029061872148839546e-48
4.942746500000000196e+03 7.061528686903688908e-48
4.954144500000000335e+03 7.094147018256000560e-48
4.965568800000000010e+03 7.126917395863690137e-48
4.977019400000000132e+03 7.159840885786409795e-48
4.988496500000000196e+03 7.192918560266890283e-48
5.000000000000000000e+03 7.226150422500000906e-48
